sequence_path,class_id,folder_label,type
data\include50\sequences\Greetings\48. Hello\MVI_9915.npy,23,48. Hello,original
data\include50\augmented_train\MVI_9915_aug1.npy,23,48. Hello,augmented_1
data\include50\augmented_train\MVI_9915_aug2.npy,23,48. Hello,augmented_2
data\include50\augmented_train\MVI_9915_aug3.npy,23,48. Hello,augmented_3
data\include50\sequences\Adjectives\78. long\MVI_5108.npy,39,78. long,original
data\include50\augmented_train\MVI_5108_aug1.npy,39,78. long,augmented_1
data\include50\augmented_train\MVI_5108_aug2.npy,39,78. long,augmented_2
data\include50\augmented_train\MVI_5108_aug3.npy,39,78. long,augmented_3
data\include50\sequences\Society\14. Election\MVI_8712.npy,3,14. Election,original
data\include50\augmented_train\MVI_8712_aug1.npy,3,14. Election,augmented_1
data\include50\augmented_train\MVI_8712_aug2.npy,3,14. Election,augmented_2
data\include50\augmented_train\MVI_8712_aug3.npy,3,14. Election,augmented_3
data\include50\sequences\Greetings\55. Thank you\MVI_0060_.npy,29,55. Thank you,original
data\include50\augmented_train\MVI_0060__aug1.npy,29,55. Thank you,augmented_1
data\include50\augmented_train\MVI_0060__aug2.npy,29,55. Thank you,augmented_2
data\include50\augmented_train\MVI_0060__aug3.npy,29,55. Thank you,augmented_3
data\include50\sequences\Adjectives\83. big large\MVI_5204.npy,41,83. big large,original
data\include50\augmented_train\MVI_5204_aug1.npy,41,83. big large,augmented_1
data\include50\augmented_train\MVI_5204_aug2.npy,41,83. big large,augmented_2
data\include50\augmented_train\MVI_5204_aug3.npy,41,83. big large,augmented_3
data\include50\sequences\Society\14. Election\MVI_8969.npy,3,14. Election,original
data\include50\augmented_train\MVI_8969_aug1.npy,3,14. Election,augmented_1
data\include50\augmented_train\MVI_8969_aug2.npy,3,14. Election,augmented_2
data\include50\augmented_train\MVI_8969_aug3.npy,3,14. Election,augmented_3
data\include50\sequences\Clothes\37. Hat\MVI_5006.npy,14,37. Hat,original
data\include50\augmented_train\MVI_5006_aug1.npy,14,37. Hat,augmented_1
data\include50\augmented_train\MVI_5006_aug2.npy,14,37. Hat,augmented_2
data\include50\augmented_train\MVI_5006_aug3.npy,14,37. Hat,augmented_3
data\include50\sequences\Places\23. Court\MVI_3287.npy,8,23. Court,original
data\include50\augmented_train\MVI_3287_aug1.npy,8,23. Court,augmented_1
data\include50\augmented_train\MVI_3287_aug2.npy,8,23. Court,augmented_2
data\include50\augmented_train\MVI_3287_aug3.npy,8,23. Court,augmented_3
data\include50\sequences\Adjectives\84. small little\MVI_9236.npy,43,84. small little,original
data\include50\augmented_train\MVI_9236_aug1.npy,43,84. small little,augmented_1
data\include50\augmented_train\MVI_9236_aug2.npy,43,84. small little,augmented_2
data\include50\augmented_train\MVI_9236_aug3.npy,43,84. small little,augmented_3
data\include50\sequences\Seasons\64. Fall\MVI_9132.npy,33,64. Fall,original
data\include50\augmented_train\MVI_9132_aug1.npy,33,64. Fall,augmented_1
data\include50\augmented_train\MVI_9132_aug2.npy,33,64. Fall,augmented_2
data\include50\augmented_train\MVI_9132_aug3.npy,33,64. Fall,augmented_3
data\include50\sequences\Adjectives\83. big large\MVI_9317.npy,41,83. big large,original
data\include50\augmented_train\MVI_9317_aug1.npy,41,83. big large,augmented_1
data\include50\augmented_train\MVI_9317_aug2.npy,41,83. big large,augmented_2
data\include50\augmented_train\MVI_9317_aug3.npy,41,83. big large,augmented_3
data\include50\sequences\Adjectives\2. quiet\MVI_5182.npy,7,2. quiet,original
data\include50\augmented_train\MVI_5182_aug1.npy,7,2. quiet,augmented_1
data\include50\augmented_train\MVI_5182_aug2.npy,7,2. quiet,augmented_2
data\include50\augmented_train\MVI_5182_aug3.npy,7,2. quiet,augmented_3
data\include50\sequences\People\61. Father\MVI_4062.npy,31,61. Father,original
data\include50\augmented_train\MVI_4062_aug1.npy,31,61. Father,augmented_1
data\include50\augmented_train\MVI_4062_aug2.npy,31,61. Father,augmented_2
data\include50\augmented_train\MVI_4062_aug3.npy,31,61. Father,augmented_3
data\include50\sequences\Clothes\37. Hat\MVI_5155.npy,14,37. Hat,original
data\include50\augmented_train\MVI_5155_aug1.npy,14,37. Hat,augmented_1
data\include50\augmented_train\MVI_5155_aug2.npy,14,37. Hat,augmented_2
data\include50\augmented_train\MVI_5155_aug3.npy,14,37. Hat,augmented_3
data\include50\sequences\Adjectives\78. long\MVI_9217.npy,39,78. long,original
data\include50\augmented_train\MVI_9217_aug1.npy,39,78. long,augmented_1
data\include50\augmented_train\MVI_9217_aug2.npy,39,78. long,augmented_2
data\include50\augmented_train\MVI_9217_aug3.npy,39,78. long,augmented_3
data\include50\sequences\Animals\5. Cow\MVI_8570.npy,24,5. Cow,original
data\include50\augmented_train\MVI_8570_aug1.npy,24,5. Cow,augmented_1
data\include50\augmented_train\MVI_8570_aug2.npy,24,5. Cow,augmented_2
data\include50\augmented_train\MVI_8570_aug3.npy,24,5. Cow,augmented_3
data\include50\sequences\Greetings\48. Hello\MVI_9916.npy,23,48. Hello,original
data\include50\augmented_train\MVI_9916_aug1.npy,23,48. Hello,augmented_1
data\include50\augmented_train\MVI_9916_aug2.npy,23,48. Hello,augmented_2
data\include50\augmented_train\MVI_9916_aug3.npy,23,48. Hello,augmented_3
data\include50\sequences\Adjectives\97. dry\MVI_5248.npy,49,97. dry,original
data\include50\augmented_train\MVI_5248_aug1.npy,49,97. dry,augmented_1
data\include50\augmented_train\MVI_5248_aug2.npy,49,97. dry,augmented_2
data\include50\augmented_train\MVI_5248_aug3.npy,49,97. dry,augmented_3
data\include50\sequences\Greetings\55. Thank you\MVI_0063.npy,29,55. Thank you,original
data\include50\augmented_train\MVI_0063_aug1.npy,29,55. Thank you,augmented_1
data\include50\augmented_train\MVI_0063_aug2.npy,29,55. Thank you,augmented_2
data\include50\augmented_train\MVI_0063_aug3.npy,29,55. Thank you,augmented_3
data\include50\sequences\Greetings\51. Good Morning\MVI_0042.npy,25,51. Good Morning,original
data\include50\augmented_train\MVI_0042_aug1.npy,25,51. Good Morning,augmented_1
data\include50\augmented_train\MVI_0042_aug2.npy,25,51. Good Morning,augmented_2
data\include50\augmented_train\MVI_0042_aug3.npy,25,51. Good Morning,augmented_3
data\include50\sequences\Pronouns\44. it\MVI_9938.npy,20,44. it,original
data\include50\augmented_train\MVI_9938_aug1.npy,20,44. it,augmented_1
data\include50\augmented_train\MVI_9938_aug2.npy,20,44. it,augmented_2
data\include50\augmented_train\MVI_9938_aug3.npy,20,44. it,augmented_3
data\include50\sequences\Adjectives\94. good\MVI_9350.npy,48,94. good,original
data\include50\augmented_train\MVI_9350_aug1.npy,48,94. good,augmented_1
data\include50\augmented_train\MVI_9350_aug2.npy,48,94. good,augmented_2
data\include50\augmented_train\MVI_9350_aug3.npy,48,94. good,augmented_3
data\include50\sequences\Adjectives\1. loud\MVI_9536.npy,1,1. loud,original
data\include50\augmented_train\MVI_9536_aug1.npy,1,1. loud,augmented_1
data\include50\augmented_train\MVI_9536_aug2.npy,1,1. loud,augmented_2
data\include50\augmented_train\MVI_9536_aug3.npy,1,1. loud,augmented_3
data\include50\sequences\People\66. Brother\MVI_3781.npy,34,66. Brother,original
data\include50\augmented_train\MVI_3781_aug1.npy,34,66. Brother,augmented_1
data\include50\augmented_train\MVI_3781_aug2.npy,34,66. Brother,augmented_2
data\include50\augmented_train\MVI_3781_aug3.npy,34,66. Brother,augmented_3
data\include50\sequences\Places\19. House\MVI_3352.npy,5,19. House,original
data\include50\augmented_train\MVI_3352_aug1.npy,5,19. House,augmented_1
data\include50\augmented_train\MVI_3352_aug2.npy,5,19. House,augmented_2
data\include50\augmented_train\MVI_3352_aug3.npy,5,19. House,augmented_3
data\include50\sequences\Home\40. Paint\MVI_8817.npy,17,40. Paint,original
data\include50\augmented_train\MVI_8817_aug1.npy,17,40. Paint,augmented_1
data\include50\augmented_train\MVI_8817_aug2.npy,17,40. Paint,augmented_2
data\include50\augmented_train\MVI_8817_aug3.npy,17,40. Paint,augmented_3
data\include50\sequences\People\61. Father\MVI_5082.npy,31,61. Father,original
data\include50\augmented_train\MVI_5082_aug1.npy,31,61. Father,augmented_1
data\include50\augmented_train\MVI_5082_aug2.npy,31,61. Father,augmented_2
data\include50\augmented_train\MVI_5082_aug3.npy,31,61. Father,augmented_3
data\include50\sequences\Clothes\37. Hat\MVI_4867.npy,14,37. Hat,original
data\include50\augmented_train\MVI_4867_aug1.npy,14,37. Hat,augmented_1
data\include50\augmented_train\MVI_4867_aug2.npy,14,37. Hat,augmented_2
data\include50\augmented_train\MVI_4867_aug3.npy,14,37. Hat,augmented_3
data\include50\sequences\Clothes\37. Hat\MVI_3690.npy,14,37. Hat,original
data\include50\augmented_train\MVI_3690_aug1.npy,14,37. Hat,augmented_1
data\include50\augmented_train\MVI_3690_aug2.npy,14,37. Hat,augmented_2
data\include50\augmented_train\MVI_3690_aug3.npy,14,37. Hat,augmented_3
data\include50\sequences\Means_of_Transportation\16. train ticket\MVI_3194.npy,4,16. train ticket,original
data\include50\augmented_train\MVI_3194_aug1.npy,4,16. train ticket,augmented_1
data\include50\augmented_train\MVI_3194_aug2.npy,4,16. train ticket,augmented_2
data\include50\augmented_train\MVI_3194_aug3.npy,4,16. train ticket,augmented_3
data\include50\sequences\Clothes\37. Hat\MVI_5007.npy,14,37. Hat,original
data\include50\augmented_train\MVI_5007_aug1.npy,14,37. Hat,augmented_1
data\include50\augmented_train\MVI_5007_aug2.npy,14,37. Hat,augmented_2
data\include50\augmented_train\MVI_5007_aug3.npy,14,37. Hat,augmented_3
data\include50\sequences\People\61. Father\MVI_3763.npy,31,61. Father,original
data\include50\augmented_train\MVI_3763_aug1.npy,31,61. Father,augmented_1
data\include50\augmented_train\MVI_3763_aug2.npy,31,61. Father,augmented_2
data\include50\augmented_train\MVI_3763_aug3.npy,31,61. Father,augmented_3
data\include50\sequences\Places\28. Store or Shop\MVI_3555.npy,9,28. Store or Shop,original
data\include50\augmented_train\MVI_3555_aug1.npy,9,28. Store or Shop,augmented_1
data\include50\augmented_train\MVI_3555_aug2.npy,9,28. Store or Shop,augmented_2
data\include50\augmented_train\MVI_3555_aug3.npy,9,28. Store or Shop,augmented_3
data\include50\sequences\Places\28. Store or Shop\MVI_3552.npy,9,28. Store or Shop,original
data\include50\augmented_train\MVI_3552_aug1.npy,9,28. Store or Shop,augmented_1
data\include50\augmented_train\MVI_3552_aug2.npy,9,28. Store or Shop,augmented_2
data\include50\augmented_train\MVI_3552_aug3.npy,9,28. Store or Shop,augmented_3
data\include50\sequences\Clothes\44. Shoes\MVI_4888.npy,19,44. Shoes,original
data\include50\augmented_train\MVI_4888_aug1.npy,19,44. Shoes,augmented_1
data\include50\augmented_train\MVI_4888_aug2.npy,19,44. Shoes,augmented_2
data\include50\augmented_train\MVI_4888_aug3.npy,19,44. Shoes,augmented_3
data\include50\sequences\Adjectives\78. long\MVI_9298.npy,39,78. long,original
data\include50\augmented_train\MVI_9298_aug1.npy,39,78. long,augmented_1
data\include50\augmented_train\MVI_9298_aug2.npy,39,78. long,augmented_2
data\include50\augmented_train\MVI_9298_aug3.npy,39,78. long,augmented_3
data\include50\sequences\Adjectives\79. short\MVI_9302.npy,40,79. short,original
data\include50\augmented_train\MVI_9302_aug1.npy,40,79. short,augmented_1
data\include50\augmented_train\MVI_9302_aug2.npy,40,79. short,augmented_2
data\include50\augmented_train\MVI_9302_aug3.npy,40,79. short,augmented_3
data\include50\sequences\Greetings\55. Thank you\MVI_0112.npy,29,55. Thank you,original
data\include50\augmented_train\MVI_0112_aug1.npy,29,55. Thank you,augmented_1
data\include50\augmented_train\MVI_0112_aug2.npy,29,55. Thank you,augmented_2
data\include50\augmented_train\MVI_0112_aug3.npy,29,55. Thank you,augmented_3
data\include50\sequences\Clothes\44. Shoes\MVI_3711.npy,19,44. Shoes,original
data\include50\augmented_train\MVI_3711_aug1.npy,19,44. Shoes,augmented_1
data\include50\augmented_train\MVI_3711_aug2.npy,19,44. Shoes,augmented_2
data\include50\augmented_train\MVI_3711_aug3.npy,19,44. Shoes,augmented_3
data\include50\sequences\Adjectives\1. loud\MVI_5177.npy,1,1. loud,original
data\include50\augmented_train\MVI_5177_aug1.npy,1,1. loud,augmented_1
data\include50\augmented_train\MVI_5177_aug2.npy,1,1. loud,augmented_2
data\include50\augmented_train\MVI_5177_aug3.npy,1,1. loud,augmented_3
data\include50\sequences\Animals\5. Cow\MVI_3016.npy,24,5. Cow,original
data\include50\augmented_train\MVI_3016_aug1.npy,24,5. Cow,augmented_1
data\include50\augmented_train\MVI_3016_aug2.npy,24,5. Cow,augmented_2
data\include50\augmented_train\MVI_3016_aug3.npy,24,5. Cow,augmented_3
data\include50\sequences\Colours\54. Black\MVI_3888.npy,27,54. Black,original
data\include50\augmented_train\MVI_3888_aug1.npy,27,54. Black,augmented_1
data\include50\augmented_train\MVI_3888_aug2.npy,27,54. Black,augmented_2
data\include50\augmented_train\MVI_3888_aug3.npy,27,54. Black,augmented_3
data\include50\sequences\Jobs\91. Priest\MVI_5345.npy,46,91. Priest,original
data\include50\augmented_train\MVI_5345_aug1.npy,46,91. Priest,augmented_1
data\include50\augmented_train\MVI_5345_aug2.npy,46,91. Priest,augmented_2
data\include50\augmented_train\MVI_5345_aug3.npy,46,91. Priest,augmented_3
data\include50\sequences\Clothes\44. Shoes\MVI_4204.npy,19,44. Shoes,original
data\include50\augmented_train\MVI_4204_aug1.npy,19,44. Shoes,augmented_1
data\include50\augmented_train\MVI_4204_aug2.npy,19,44. Shoes,augmented_2
data\include50\augmented_train\MVI_4204_aug3.npy,19,44. Shoes,augmented_3
data\include50\sequences\Days_and_Time\67. Monday\MVI_5009.npy,35,67. Monday,original
data\include50\augmented_train\MVI_5009_aug1.npy,35,67. Monday,augmented_1
data\include50\augmented_train\MVI_5009_aug2.npy,35,67. Monday,augmented_2
data\include50\augmented_train\MVI_5009_aug3.npy,35,67. Monday,augmented_3
data\include50\sequences\Society\14. Election\MVI_8713.npy,3,14. Election,original
data\include50\augmented_train\MVI_8713_aug1.npy,3,14. Election,augmented_1
data\include50\augmented_train\MVI_8713_aug2.npy,3,14. Election,augmented_2
data\include50\augmented_train\MVI_8713_aug3.npy,3,14. Election,augmented_3
data\include50\sequences\Jobs\84. Teacher\MVI_8866.npy,42,84. Teacher,original
data\include50\augmented_train\MVI_8866_aug1.npy,42,84. Teacher,augmented_1
data\include50\augmented_train\MVI_8866_aug2.npy,42,84. Teacher,augmented_2
data\include50\augmented_train\MVI_8866_aug3.npy,42,84. Teacher,augmented_3
data\include50\sequences\Adjectives\97. dry\MVI_5250.npy,49,97. dry,original
data\include50\augmented_train\MVI_5250_aug1.npy,49,97. dry,augmented_1
data\include50\augmented_train\MVI_5250_aug2.npy,49,97. dry,augmented_2
data\include50\augmented_train\MVI_5250_aug3.npy,49,97. dry,augmented_3
data\include50\sequences\People\66. Brother\MVI_4076.npy,34,66. Brother,original
data\include50\augmented_train\MVI_4076_aug1.npy,34,66. Brother,augmented_1
data\include50\augmented_train\MVI_4076_aug2.npy,34,66. Brother,augmented_2
data\include50\augmented_train\MVI_4076_aug3.npy,34,66. Brother,augmented_3
data\include50\sequences\Clothes\42. T-Shirt\MVI_4002.npy,18,42. T-Shirt,original
data\include50\augmented_train\MVI_4002_aug1.npy,18,42. T-Shirt,augmented_1
data\include50\augmented_train\MVI_4002_aug2.npy,18,42. T-Shirt,augmented_2
data\include50\augmented_train\MVI_4002_aug3.npy,18,42. T-Shirt,augmented_3
data\include50\sequences\Means_of_Transportation\16. train ticket\MVI_4192.npy,4,16. train ticket,original
data\include50\augmented_train\MVI_4192_aug1.npy,4,16. train ticket,augmented_1
data\include50\augmented_train\MVI_4192_aug2.npy,4,16. train ticket,augmented_2
data\include50\augmented_train\MVI_4192_aug3.npy,4,16. train ticket,augmented_3
data\include50\sequences\Colours\55. White\MVI_8620.npy,30,55. White,original
data\include50\augmented_train\MVI_8620_aug1.npy,30,55. White,augmented_1
data\include50\augmented_train\MVI_8620_aug2.npy,30,55. White,augmented_2
data\include50\augmented_train\MVI_8620_aug3.npy,30,55. White,augmented_3
data\include50\sequences\Days_and_Time\86. Time\MVI_5079.npy,44,86. Time,original
data\include50\augmented_train\MVI_5079_aug1.npy,44,86. Time,augmented_1
data\include50\augmented_train\MVI_5079_aug2.npy,44,86. Time,augmented_2
data\include50\augmented_train\MVI_5079_aug3.npy,44,86. Time,augmented_3
data\include50\sequences\Greetings\48. Hello\MVI_9982.npy,23,48. Hello,original
data\include50\augmented_train\MVI_9982_aug1.npy,23,48. Hello,augmented_1
data\include50\augmented_train\MVI_9982_aug2.npy,23,48. Hello,augmented_2
data\include50\augmented_train\MVI_9982_aug3.npy,23,48. Hello,augmented_3
data\include50\sequences\Animals\5. Cow\MVI_3074.npy,24,5. Cow,original
data\include50\augmented_train\MVI_3074_aug1.npy,24,5. Cow,augmented_1
data\include50\augmented_train\MVI_3074_aug2.npy,24,5. Cow,augmented_2
data\include50\augmented_train\MVI_3074_aug3.npy,24,5. Cow,augmented_3
data\include50\sequences\Electronics\54. Cell phone\MVI_5391.npy,28,54. Cell phone,original
data\include50\augmented_train\MVI_5391_aug1.npy,28,54. Cell phone,augmented_1
data\include50\augmented_train\MVI_5391_aug2.npy,28,54. Cell phone,augmented_2
data\include50\augmented_train\MVI_5391_aug3.npy,28,54. Cell phone,augmented_3
data\include50\sequences\Days_and_Time\67. Monday\MVI_9143.npy,35,67. Monday,original
data\include50\augmented_train\MVI_9143_aug1.npy,35,67. Monday,augmented_1
data\include50\augmented_train\MVI_9143_aug2.npy,35,67. Monday,augmented_2
data\include50\augmented_train\MVI_9143_aug3.npy,35,67. Monday,augmented_3
data\include50\sequences\Pronouns\44. it\MVI_0014.npy,20,44. it,original
data\include50\augmented_train\MVI_0014_aug1.npy,20,44. it,augmented_1
data\include50\augmented_train\MVI_0014_aug2.npy,20,44. it,augmented_2
data\include50\augmented_train\MVI_0014_aug3.npy,20,44. it,augmented_3
data\include50\sequences\Pronouns\40. I\MVI_0014.npy,16,40. I,original
data\include50\augmented_train\MVI_0014_aug1.npy,16,40. I,augmented_1
data\include50\augmented_train\MVI_0014_aug2.npy,16,40. I,augmented_2
data\include50\augmented_train\MVI_0014_aug3.npy,16,40. I,augmented_3
data\include50\sequences\Animals\4. Bird\MVI_3012.npy,15,4. Bird,original
data\include50\augmented_train\MVI_3012_aug1.npy,15,4. Bird,augmented_1
data\include50\augmented_train\MVI_3012_aug2.npy,15,4. Bird,augmented_2
data\include50\augmented_train\MVI_3012_aug3.npy,15,4. Bird,augmented_3
data\include50\sequences\Places\28. Store or Shop\MVI_3472.npy,9,28. Store or Shop,original
data\include50\augmented_train\MVI_3472_aug1.npy,9,28. Store or Shop,augmented_1
data\include50\augmented_train\MVI_3472_aug2.npy,9,28. Store or Shop,augmented_2
data\include50\augmented_train\MVI_3472_aug3.npy,9,28. Store or Shop,augmented_3
data\include50\sequences\Greetings\48. Hello\MVI_0030.npy,23,48. Hello,original
data\include50\augmented_train\MVI_0030_aug1.npy,23,48. Hello,augmented_1
data\include50\augmented_train\MVI_0030_aug2.npy,23,48. Hello,augmented_2
data\include50\augmented_train\MVI_0030_aug3.npy,23,48. Hello,augmented_3
data\include50\sequences\Animals\4. Bird\MVI_3094.npy,15,4. Bird,original
data\include50\augmented_train\MVI_3094_aug1.npy,15,4. Bird,augmented_1
data\include50\augmented_train\MVI_3094_aug2.npy,15,4. Bird,augmented_2
data\include50\augmented_train\MVI_3094_aug3.npy,15,4. Bird,augmented_3
data\include50\sequences\Means_of_Transportation\11. Car\MVI_3176.npy,2,11. Car,original
data\include50\augmented_train\MVI_3176_aug1.npy,2,11. Car,augmented_1
data\include50\augmented_train\MVI_3176_aug2.npy,2,11. Car,augmented_2
data\include50\augmented_train\MVI_3176_aug3.npy,2,11. Car,augmented_3
data\include50\sequences\Adjectives\79. short\MVI_5190.npy,40,79. short,original
data\include50\augmented_train\MVI_5190_aug1.npy,40,79. short,augmented_1
data\include50\augmented_train\MVI_5190_aug2.npy,40,79. short,augmented_2
data\include50\augmented_train\MVI_5190_aug3.npy,40,79. short,augmented_3
data\include50\sequences\Colours\47. Red\MVI_5184.npy,22,47. Red,original
data\include50\augmented_train\MVI_5184_aug1.npy,22,47. Red,augmented_1
data\include50\augmented_train\MVI_5184_aug2.npy,22,47. Red,augmented_2
data\include50\augmented_train\MVI_5184_aug3.npy,22,47. Red,augmented_3
data\include50\sequences\Home\34. Pen\MVI_8791.npy,12,34. Pen,original
data\include50\augmented_train\MVI_8791_aug1.npy,12,34. Pen,augmented_1
data\include50\augmented_train\MVI_8791_aug2.npy,12,34. Pen,augmented_2
data\include50\augmented_train\MVI_8791_aug3.npy,12,34. Pen,augmented_3
data\include50\sequences\Colours\47. Red\MVI_5186.npy,22,47. Red,original
data\include50\augmented_train\MVI_5186_aug1.npy,22,47. Red,augmented_1
data\include50\augmented_train\MVI_5186_aug2.npy,22,47. Red,augmented_2
data\include50\augmented_train\MVI_5186_aug3.npy,22,47. Red,augmented_3
data\include50\sequences\Means_of_Transportation\11. Car\MVI_3238.npy,2,11. Car,original
data\include50\augmented_train\MVI_3238_aug1.npy,2,11. Car,augmented_1
data\include50\augmented_train\MVI_3238_aug2.npy,2,11. Car,augmented_2
data\include50\augmented_train\MVI_3238_aug3.npy,2,11. Car,augmented_3
data\include50\sequences\Adjectives\84. small little\MVI_9320.npy,43,84. small little,original
data\include50\augmented_train\MVI_9320_aug1.npy,43,84. small little,augmented_1
data\include50\augmented_train\MVI_9320_aug2.npy,43,84. small little,augmented_2
data\include50\augmented_train\MVI_9320_aug3.npy,43,84. small little,augmented_3
data\include50\sequences\Places\35. Bank\MVI_3584.npy,13,35. Bank,original
data\include50\augmented_train\MVI_3584_aug1.npy,13,35. Bank,augmented_1
data\include50\augmented_train\MVI_3584_aug2.npy,13,35. Bank,augmented_2
data\include50\augmented_train\MVI_3584_aug3.npy,13,35. Bank,augmented_3
data\include50\sequences\Places\19. House\MVI_3514.npy,5,19. House,original
data\include50\augmented_train\MVI_3514_aug1.npy,5,19. House,augmented_1
data\include50\augmented_train\MVI_3514_aug2.npy,5,19. House,augmented_2
data\include50\augmented_train\MVI_3514_aug3.npy,5,19. House,augmented_3
data\include50\sequences\Society\2. Death\MVI_8661.npy,6,2. Death,original
data\include50\augmented_train\MVI_8661_aug1.npy,6,2. Death,augmented_1
data\include50\augmented_train\MVI_8661_aug2.npy,6,2. Death,augmented_2
data\include50\augmented_train\MVI_8661_aug3.npy,6,2. Death,augmented_3
data\include50\sequences\Electronics\53. Fan\MVI_4965.npy,26,53. Fan,original
data\include50\augmented_train\MVI_4965_aug1.npy,26,53. Fan,augmented_1
data\include50\augmented_train\MVI_4965_aug2.npy,26,53. Fan,augmented_2
data\include50\augmented_train\MVI_4965_aug3.npy,26,53. Fan,augmented_3
data\include50\sequences\Greetings\55. Thank you\MVI_9948.npy,29,55. Thank you,original
data\include50\augmented_train\MVI_9948_aug1.npy,29,55. Thank you,augmented_1
data\include50\augmented_train\MVI_9948_aug2.npy,29,55. Thank you,augmented_2
data\include50\augmented_train\MVI_9948_aug3.npy,29,55. Thank you,augmented_3
data\include50\sequences\Days_and_Time\78. Year\MVI_9175.npy,38,78. Year,original
data\include50\augmented_train\MVI_9175_aug1.npy,38,78. Year,augmented_1
data\include50\augmented_train\MVI_9175_aug2.npy,38,78. Year,augmented_2
data\include50\augmented_train\MVI_9175_aug3.npy,38,78. Year,augmented_3
data\include50\sequences\Pronouns\46. you (plural)\MVI_9908.npy,21,46. you (plural),original
data\include50\augmented_train\MVI_9908_aug1.npy,21,46. you (plural),augmented_1
data\include50\augmented_train\MVI_9908_aug2.npy,21,46. you (plural),augmented_2
data\include50\augmented_train\MVI_9908_aug3.npy,21,46. you (plural),augmented_3
data\include50\sequences\Adjectives\79. short\MVI_9382.npy,40,79. short,original
data\include50\augmented_train\MVI_9382_aug1.npy,40,79. short,augmented_1
data\include50\augmented_train\MVI_9382_aug2.npy,40,79. short,augmented_2
data\include50\augmented_train\MVI_9382_aug3.npy,40,79. short,augmented_3
data\include50\sequences\Adjectives\87. hot\MVI_9330.npy,45,87. hot,original
data\include50\augmented_train\MVI_9330_aug1.npy,45,87. hot,augmented_1
data\include50\augmented_train\MVI_9330_aug2.npy,45,87. hot,augmented_2
data\include50\augmented_train\MVI_9330_aug3.npy,45,87. hot,augmented_3
data\include50\sequences\Adjectives\87. hot\MVI_5136.npy,45,87. hot,original
data\include50\augmented_train\MVI_5136_aug1.npy,45,87. hot,augmented_1
data\include50\augmented_train\MVI_5136_aug2.npy,45,87. hot,augmented_2
data\include50\augmented_train\MVI_5136_aug3.npy,45,87. hot,augmented_3
data\include50\sequences\Adjectives\97. dry\MVI_9360.npy,49,97. dry,original
data\include50\augmented_train\MVI_9360_aug1.npy,49,97. dry,augmented_1
data\include50\augmented_train\MVI_9360_aug2.npy,49,97. dry,augmented_2
data\include50\augmented_train\MVI_9360_aug3.npy,49,97. dry,augmented_3
data\include50\sequences\Greetings\51. Good Morning\MVI_9935.npy,25,51. Good Morning,original
data\include50\augmented_train\MVI_9935_aug1.npy,25,51. Good Morning,augmented_1
data\include50\augmented_train\MVI_9935_aug2.npy,25,51. Good Morning,augmented_2
data\include50\augmented_train\MVI_9935_aug3.npy,25,51. Good Morning,augmented_3
data\include50\sequences\People\66. Brother\MVI_3778.npy,34,66. Brother,original
data\include50\augmented_train\MVI_3778_aug1.npy,34,66. Brother,augmented_1
data\include50\augmented_train\MVI_3778_aug2.npy,34,66. Brother,augmented_2
data\include50\augmented_train\MVI_3778_aug3.npy,34,66. Brother,augmented_3
data\include50\sequences\Seasons\64. Fall\MVI_5436.npy,33,64. Fall,original
data\include50\augmented_train\MVI_5436_aug1.npy,33,64. Fall,augmented_1
data\include50\augmented_train\MVI_5436_aug2.npy,33,64. Fall,augmented_2
data\include50\augmented_train\MVI_5436_aug3.npy,33,64. Fall,augmented_3
data\include50\sequences\Greetings\51. Good Morning\MVI_0046.npy,25,51. Good Morning,original
data\include50\augmented_train\MVI_0046_aug1.npy,25,51. Good Morning,augmented_1
data\include50\augmented_train\MVI_0046_aug2.npy,25,51. Good Morning,augmented_2
data\include50\augmented_train\MVI_0046_aug3.npy,25,51. Good Morning,augmented_3
data\include50\sequences\Adjectives\91. new\MVI_9422.npy,47,91. new,original
data\include50\augmented_train\MVI_9422_aug1.npy,47,91. new,augmented_1
data\include50\augmented_train\MVI_9422_aug2.npy,47,91. new,augmented_2
data\include50\augmented_train\MVI_9422_aug3.npy,47,91. new,augmented_3
data\include50\sequences\Places\28. Store or Shop\MVI_3386.npy,9,28. Store or Shop,original
data\include50\augmented_train\MVI_3386_aug1.npy,9,28. Store or Shop,augmented_1
data\include50\augmented_train\MVI_3386_aug2.npy,9,28. Store or Shop,augmented_2
data\include50\augmented_train\MVI_3386_aug3.npy,9,28. Store or Shop,augmented_3
data\include50\sequences\People\77. Boy\MVI_5134.npy,36,77. Boy,original
data\include50\augmented_train\MVI_5134_aug1.npy,36,77. Boy,augmented_1
data\include50\augmented_train\MVI_5134_aug2.npy,36,77. Boy,augmented_2
data\include50\augmented_train\MVI_5134_aug3.npy,36,77. Boy,augmented_3
data\include50\sequences\People\78. Girl\MVI_5137.npy,37,78. Girl,original
data\include50\augmented_train\MVI_5137_aug1.npy,37,78. Girl,augmented_1
data\include50\augmented_train\MVI_5137_aug2.npy,37,78. Girl,augmented_2
data\include50\augmented_train\MVI_5137_aug3.npy,37,78. Girl,augmented_3
data\include50\sequences\Adjectives\83. big large\MVI_9316.npy,41,83. big large,original
data\include50\augmented_train\MVI_9316_aug1.npy,41,83. big large,augmented_1
data\include50\augmented_train\MVI_9316_aug2.npy,41,83. big large,augmented_2
data\include50\augmented_train\MVI_9316_aug3.npy,41,83. big large,augmented_3
data\include50\sequences\Animals\5. Cow\MVI_4160.npy,24,5. Cow,original
data\include50\augmented_train\MVI_4160_aug1.npy,24,5. Cow,augmented_1
data\include50\augmented_train\MVI_4160_aug2.npy,24,5. Cow,augmented_2
data\include50\augmented_train\MVI_4160_aug3.npy,24,5. Cow,augmented_3
data\include50\sequences\Clothes\42. T-Shirt\MVI_4882.npy,18,42. T-Shirt,original
data\include50\augmented_train\MVI_4882_aug1.npy,18,42. T-Shirt,augmented_1
data\include50\augmented_train\MVI_4882_aug2.npy,18,42. T-Shirt,augmented_2
data\include50\augmented_train\MVI_4882_aug3.npy,18,42. T-Shirt,augmented_3
data\include50\sequences\Pronouns\46. you (plural)\MVI_0084.npy,21,46. you (plural),original
data\include50\augmented_train\MVI_0084_aug1.npy,21,46. you (plural),augmented_1
data\include50\augmented_train\MVI_0084_aug2.npy,21,46. you (plural),augmented_2
data\include50\augmented_train\MVI_0084_aug3.npy,21,46. you (plural),augmented_3
data\include50\sequences\Clothes\44. Shoes\MVI_3712.npy,19,44. Shoes,original
data\include50\augmented_train\MVI_3712_aug1.npy,19,44. Shoes,augmented_1
data\include50\augmented_train\MVI_3712_aug2.npy,19,44. Shoes,augmented_2
data\include50\augmented_train\MVI_3712_aug3.npy,19,44. Shoes,augmented_3
data\include50\sequences\People\77. Boy\MVI_4110.npy,36,77. Boy,original
data\include50\augmented_train\MVI_4110_aug1.npy,36,77. Boy,augmented_1
data\include50\augmented_train\MVI_4110_aug2.npy,36,77. Boy,augmented_2
data\include50\augmented_train\MVI_4110_aug3.npy,36,77. Boy,augmented_3
data\include50\sequences\Adjectives\87. hot\MVI_9487.npy,45,87. hot,original
data\include50\augmented_train\MVI_9487_aug1.npy,45,87. hot,augmented_1
data\include50\augmented_train\MVI_9487_aug2.npy,45,87. hot,augmented_2
data\include50\augmented_train\MVI_9487_aug3.npy,45,87. hot,augmented_3
data\include50\sequences\Places\19. House\MVI_3593.npy,5,19. House,original
data\include50\augmented_train\MVI_3593_aug1.npy,5,19. House,augmented_1
data\include50\augmented_train\MVI_3593_aug2.npy,5,19. House,augmented_2
data\include50\augmented_train\MVI_3593_aug3.npy,5,19. House,augmented_3
data\include50\sequences\Jobs\91. Priest\MVI_5342.npy,46,91. Priest,original
data\include50\augmented_train\MVI_5342_aug1.npy,46,91. Priest,augmented_1
data\include50\augmented_train\MVI_5342_aug2.npy,46,91. Priest,augmented_2
data\include50\augmented_train\MVI_5342_aug3.npy,46,91. Priest,augmented_3
data\include50\sequences\Electronics\53. Fan\MVI_4534.npy,26,53. Fan,original
data\include50\augmented_train\MVI_4534_aug1.npy,26,53. Fan,augmented_1
data\include50\augmented_train\MVI_4534_aug2.npy,26,53. Fan,augmented_2
data\include50\augmented_train\MVI_4534_aug3.npy,26,53. Fan,augmented_3
data\include50\sequences\Days_and_Time\78. Year\MVI_4635.npy,38,78. Year,original
data\include50\augmented_train\MVI_4635_aug1.npy,38,78. Year,augmented_1
data\include50\augmented_train\MVI_4635_aug2.npy,38,78. Year,augmented_2
data\include50\augmented_train\MVI_4635_aug3.npy,38,78. Year,augmented_3
data\include50\sequences\Jobs\91. Priest\MVI_4490.npy,46,91. Priest,original
data\include50\augmented_train\MVI_4490_aug1.npy,46,91. Priest,augmented_1
data\include50\augmented_train\MVI_4490_aug2.npy,46,91. Priest,augmented_2
data\include50\augmented_train\MVI_4490_aug3.npy,46,91. Priest,augmented_3
data\include50\sequences\Pronouns\44. it\MVI_0013.npy,20,44. it,original
data\include50\augmented_train\MVI_0013_aug1.npy,20,44. it,augmented_1
data\include50\augmented_train\MVI_0013_aug2.npy,20,44. it,augmented_2
data\include50\augmented_train\MVI_0013_aug3.npy,20,44. it,augmented_3
data\include50\sequences\Greetings\51. Good Morning\MVI_9969.npy,25,51. Good Morning,original
data\include50\augmented_train\MVI_9969_aug1.npy,25,51. Good Morning,augmented_1
data\include50\augmented_train\MVI_9969_aug2.npy,25,51. Good Morning,augmented_2
data\include50\augmented_train\MVI_9969_aug3.npy,25,51. Good Morning,augmented_3
data\include50\sequences\Home\40. Paint\MVI_9051.npy,17,40. Paint,original
data\include50\augmented_train\MVI_9051_aug1.npy,17,40. Paint,augmented_1
data\include50\augmented_train\MVI_9051_aug2.npy,17,40. Paint,augmented_2
data\include50\augmented_train\MVI_9051_aug3.npy,17,40. Paint,augmented_3
data\include50\sequences\Seasons\64. Fall\MVI_5001.npy,33,64. Fall,original
data\include50\augmented_train\MVI_5001_aug1.npy,33,64. Fall,augmented_1
data\include50\augmented_train\MVI_5001_aug2.npy,33,64. Fall,augmented_2
data\include50\augmented_train\MVI_5001_aug3.npy,33,64. Fall,augmented_3
data\include50\sequences\Home\34. Pen\MVI_9032.npy,12,34. Pen,original
data\include50\augmented_train\MVI_9032_aug1.npy,12,34. Pen,augmented_1
data\include50\augmented_train\MVI_9032_aug2.npy,12,34. Pen,augmented_2
data\include50\augmented_train\MVI_9032_aug3.npy,12,34. Pen,augmented_3
data\include50\sequences\Adjectives\2. quiet\MVI_5180.npy,7,2. quiet,original
data\include50\augmented_train\MVI_5180_aug1.npy,7,2. quiet,augmented_1
data\include50\augmented_train\MVI_5180_aug2.npy,7,2. quiet,augmented_2
data\include50\augmented_train\MVI_5180_aug3.npy,7,2. quiet,augmented_3
data\include50\sequences\Colours\47. Red\MVI_4018.npy,22,47. Red,original
data\include50\augmented_train\MVI_4018_aug1.npy,22,47. Red,augmented_1
data\include50\augmented_train\MVI_4018_aug2.npy,22,47. Red,augmented_2
data\include50\augmented_train\MVI_4018_aug3.npy,22,47. Red,augmented_3
data\include50\sequences\Pronouns\46. you (plural)\MVI_9977.npy,21,46. you (plural),original
data\include50\augmented_train\MVI_9977_aug1.npy,21,46. you (plural),augmented_1
data\include50\augmented_train\MVI_9977_aug2.npy,21,46. you (plural),augmented_2
data\include50\augmented_train\MVI_9977_aug3.npy,21,46. you (plural),augmented_3
data\include50\sequences\Society\14. Election\MVI_4305.npy,3,14. Election,original
data\include50\augmented_train\MVI_4305_aug1.npy,3,14. Election,augmented_1
data\include50\augmented_train\MVI_4305_aug2.npy,3,14. Election,augmented_2
data\include50\augmented_train\MVI_4305_aug3.npy,3,14. Election,augmented_3
data\include50\sequences\People\77. Boy\MVI_4242.npy,36,77. Boy,original
data\include50\augmented_train\MVI_4242_aug1.npy,36,77. Boy,augmented_1
data\include50\augmented_train\MVI_4242_aug2.npy,36,77. Boy,augmented_2
data\include50\augmented_train\MVI_4242_aug3.npy,36,77. Boy,augmented_3
data\include50\sequences\Seasons\61. Summer\MVI_4568.npy,32,61. Summer,original
data\include50\augmented_train\MVI_4568_aug1.npy,32,61. Summer,augmented_1
data\include50\augmented_train\MVI_4568_aug2.npy,32,61. Summer,augmented_2
data\include50\augmented_train\MVI_4568_aug3.npy,32,61. Summer,augmented_3
data\include50\sequences\Colours\55. White\MVI_4921.npy,30,55. White,original
data\include50\augmented_train\MVI_4921_aug1.npy,30,55. White,augmented_1
data\include50\augmented_train\MVI_4921_aug2.npy,30,55. White,augmented_2
data\include50\augmented_train\MVI_4921_aug3.npy,30,55. White,augmented_3
data\include50\sequences\Pronouns\44. it\MVI_9898.npy,20,44. it,original
data\include50\augmented_train\MVI_9898_aug1.npy,20,44. it,augmented_1
data\include50\augmented_train\MVI_9898_aug2.npy,20,44. it,augmented_2
data\include50\augmented_train\MVI_9898_aug3.npy,20,44. it,augmented_3
data\include50\sequences\Colours\55. White\MVI_5062.npy,30,55. White,original
data\include50\augmented_train\MVI_5062_aug1.npy,30,55. White,augmented_1
data\include50\augmented_train\MVI_5062_aug2.npy,30,55. White,augmented_2
data\include50\augmented_train\MVI_5062_aug3.npy,30,55. White,augmented_3
data\include50\sequences\Days_and_Time\86. Time\MVI_9202.npy,44,86. Time,original
data\include50\augmented_train\MVI_9202_aug1.npy,44,86. Time,augmented_1
data\include50\augmented_train\MVI_9202_aug2.npy,44,86. Time,augmented_2
data\include50\augmented_train\MVI_9202_aug3.npy,44,86. Time,augmented_3
data\include50\sequences\Adjectives\97. dry\MVI_9522.npy,49,97. dry,original
data\include50\augmented_train\MVI_9522_aug1.npy,49,97. dry,augmented_1
data\include50\augmented_train\MVI_9522_aug2.npy,49,97. dry,augmented_2
data\include50\augmented_train\MVI_9522_aug3.npy,49,97. dry,augmented_3
data\include50\sequences\Seasons\61. Summer\MVI_5422.npy,32,61. Summer,original
data\include50\augmented_train\MVI_5422_aug1.npy,32,61. Summer,augmented_1
data\include50\augmented_train\MVI_5422_aug2.npy,32,61. Summer,augmented_2
data\include50\augmented_train\MVI_5422_aug3.npy,32,61. Summer,augmented_3
data\include50\sequences\Society\2. Death\MVI_8932.npy,6,2. Death,original
data\include50\augmented_train\MVI_8932_aug1.npy,6,2. Death,augmented_1
data\include50\augmented_train\MVI_8932_aug2.npy,6,2. Death,augmented_2
data\include50\augmented_train\MVI_8932_aug3.npy,6,2. Death,augmented_3
data\include50\sequences\Animals\5. Cow\MVI_3075.npy,24,5. Cow,original
data\include50\augmented_train\MVI_3075_aug1.npy,24,5. Cow,augmented_1
data\include50\augmented_train\MVI_3075_aug2.npy,24,5. Cow,augmented_2
data\include50\augmented_train\MVI_3075_aug3.npy,24,5. Cow,augmented_3
data\include50\sequences\People\66. Brother\MVI_5095.npy,34,66. Brother,original
data\include50\augmented_train\MVI_5095_aug1.npy,34,66. Brother,augmented_1
data\include50\augmented_train\MVI_5095_aug2.npy,34,66. Brother,augmented_2
data\include50\augmented_train\MVI_5095_aug3.npy,34,66. Brother,augmented_3
data\include50\sequences\Home\34. Pen\MVI_4389.npy,12,34. Pen,original
data\include50\augmented_train\MVI_4389_aug1.npy,12,34. Pen,augmented_1
data\include50\augmented_train\MVI_4389_aug2.npy,12,34. Pen,augmented_2
data\include50\augmented_train\MVI_4389_aug3.npy,12,34. Pen,augmented_3
data\include50\sequences\Means_of_Transportation\11. Car\MVI_8584.npy,2,11. Car,original
data\include50\augmented_train\MVI_8584_aug1.npy,2,11. Car,augmented_1
data\include50\augmented_train\MVI_8584_aug2.npy,2,11. Car,augmented_2
data\include50\augmented_train\MVI_8584_aug3.npy,2,11. Car,augmented_3
data\include50\sequences\People\77. Boy\MVI_5286.npy,36,77. Boy,original
data\include50\augmented_train\MVI_5286_aug1.npy,36,77. Boy,augmented_1
data\include50\augmented_train\MVI_5286_aug2.npy,36,77. Boy,augmented_2
data\include50\augmented_train\MVI_5286_aug3.npy,36,77. Boy,augmented_3
data\include50\sequences\People\61. Father\MVI_5080.npy,31,61. Father,original
data\include50\augmented_train\MVI_5080_aug1.npy,31,61. Father,augmented_1
data\include50\augmented_train\MVI_5080_aug2.npy,31,61. Father,augmented_2
data\include50\augmented_train\MVI_5080_aug3.npy,31,61. Father,augmented_3
data\include50\sequences\Adjectives\94. good\MVI_9510.npy,48,94. good,original
data\include50\augmented_train\MVI_9510_aug1.npy,48,94. good,augmented_1
data\include50\augmented_train\MVI_9510_aug2.npy,48,94. good,augmented_2
data\include50\augmented_train\MVI_9510_aug3.npy,48,94. good,augmented_3
data\include50\sequences\Adjectives\94. good\MVI_5316.npy,48,94. good,original
data\include50\augmented_train\MVI_5316_aug1.npy,48,94. good,augmented_1
data\include50\augmented_train\MVI_5316_aug2.npy,48,94. good,augmented_2
data\include50\augmented_train\MVI_5316_aug3.npy,48,94. good,augmented_3
data\include50\sequences\People\61. Father\MVI_5227.npy,31,61. Father,original
data\include50\augmented_train\MVI_5227_aug1.npy,31,61. Father,augmented_1
data\include50\augmented_train\MVI_5227_aug2.npy,31,61. Father,augmented_2
data\include50\augmented_train\MVI_5227_aug3.npy,31,61. Father,augmented_3
data\include50\sequences\Adjectives\1. loud\MVI_9448.npy,1,1. loud,original
data\include50\augmented_train\MVI_9448_aug1.npy,1,1. loud,augmented_1
data\include50\augmented_train\MVI_9448_aug2.npy,1,1. loud,augmented_2
data\include50\augmented_train\MVI_9448_aug3.npy,1,1. loud,augmented_3
data\include50\sequences\Adjectives\3. happy\MVI_5264.npy,11,3. happy,original
data\include50\augmented_train\MVI_5264_aug1.npy,11,3. happy,augmented_1
data\include50\augmented_train\MVI_5264_aug2.npy,11,3. happy,augmented_2
data\include50\augmented_train\MVI_5264_aug3.npy,11,3. happy,augmented_3
data\include50\sequences\Clothes\37. Hat\MVI_3835.npy,14,37. Hat,original
data\include50\augmented_train\MVI_3835_aug1.npy,14,37. Hat,augmented_1
data\include50\augmented_train\MVI_3835_aug2.npy,14,37. Hat,augmented_2
data\include50\augmented_train\MVI_3835_aug3.npy,14,37. Hat,augmented_3
data\include50\sequences\Clothes\44. Shoes\MVI_5028.npy,19,44. Shoes,original
data\include50\augmented_train\MVI_5028_aug1.npy,19,44. Shoes,augmented_1
data\include50\augmented_train\MVI_5028_aug2.npy,19,44. Shoes,augmented_2
data\include50\augmented_train\MVI_5028_aug3.npy,19,44. Shoes,augmented_3
data\include50\sequences\Society\14. Election\MVI_8710.npy,3,14. Election,original
data\include50\augmented_train\MVI_8710_aug1.npy,3,14. Election,augmented_1
data\include50\augmented_train\MVI_8710_aug2.npy,3,14. Election,augmented_2
data\include50\augmented_train\MVI_8710_aug3.npy,3,14. Election,augmented_3
data\include50\sequences\Days_and_Time\86. Time\MVI_4669.npy,44,86. Time,original
data\include50\augmented_train\MVI_4669_aug1.npy,44,86. Time,augmented_1
data\include50\augmented_train\MVI_4669_aug2.npy,44,86. Time,augmented_2
data\include50\augmented_train\MVI_4669_aug3.npy,44,86. Time,augmented_3
data\include50\sequences\Places\35. Bank\MVI_3336.npy,13,35. Bank,original
data\include50\augmented_train\MVI_3336_aug1.npy,13,35. Bank,augmented_1
data\include50\augmented_train\MVI_3336_aug2.npy,13,35. Bank,augmented_2
data\include50\augmented_train\MVI_3336_aug3.npy,13,35. Bank,augmented_3
data\include50\sequences\Home\28. Window\MVI_4364.npy,10,28. Window,original
data\include50\augmented_train\MVI_4364_aug1.npy,10,28. Window,augmented_1
data\include50\augmented_train\MVI_4364_aug2.npy,10,28. Window,augmented_2
data\include50\augmented_train\MVI_4364_aug3.npy,10,28. Window,augmented_3
data\include50\sequences\Adjectives\79. short\MVI_9221.npy,40,79. short,original
data\include50\augmented_train\MVI_9221_aug1.npy,40,79. short,augmented_1
data\include50\augmented_train\MVI_9221_aug2.npy,40,79. short,augmented_2
data\include50\augmented_train\MVI_9221_aug3.npy,40,79. short,augmented_3
data\include50\sequences\Means_of_Transportation\11. Car\MVI_3117.npy,2,11. Car,original
data\include50\augmented_train\MVI_3117_aug1.npy,2,11. Car,augmented_1
data\include50\augmented_train\MVI_3117_aug2.npy,2,11. Car,augmented_2
data\include50\augmented_train\MVI_3117_aug3.npy,2,11. Car,augmented_3
data\include50\sequences\Adjectives\84. small little\MVI_9237.npy,43,84. small little,original
data\include50\augmented_train\MVI_9237_aug1.npy,43,84. small little,augmented_1
data\include50\augmented_train\MVI_9237_aug2.npy,43,84. small little,augmented_2
data\include50\augmented_train\MVI_9237_aug3.npy,43,84. small little,augmented_3
data\include50\sequences\Places\35. Bank\MVI_3335.npy,13,35. Bank,original
data\include50\augmented_train\MVI_3335_aug1.npy,13,35. Bank,augmented_1
data\include50\augmented_train\MVI_3335_aug2.npy,13,35. Bank,augmented_2
data\include50\augmented_train\MVI_3335_aug3.npy,13,35. Bank,augmented_3
data\include50\sequences\Places\35. Bank\MVI_3501.npy,13,35. Bank,original
data\include50\augmented_train\MVI_3501_aug1.npy,13,35. Bank,augmented_1
data\include50\augmented_train\MVI_3501_aug2.npy,13,35. Bank,augmented_2
data\include50\augmented_train\MVI_3501_aug3.npy,13,35. Bank,augmented_3
data\include50\sequences\Adjectives\83. big large\MVI_5124.npy,41,83. big large,original
data\include50\augmented_train\MVI_5124_aug1.npy,41,83. big large,augmented_1
data\include50\augmented_train\MVI_5124_aug2.npy,41,83. big large,augmented_2
data\include50\augmented_train\MVI_5124_aug3.npy,41,83. big large,augmented_3
data\include50\sequences\Home\40. Paint\MVI_8818.npy,17,40. Paint,original
data\include50\augmented_train\MVI_8818_aug1.npy,17,40. Paint,augmented_1
data\include50\augmented_train\MVI_8818_aug2.npy,17,40. Paint,augmented_2
data\include50\augmented_train\MVI_8818_aug3.npy,17,40. Paint,augmented_3
data\include50\sequences\Home\34. Pen\MVI_8793.npy,12,34. Pen,original
data\include50\augmented_train\MVI_8793_aug1.npy,12,34. Pen,augmented_1
data\include50\augmented_train\MVI_8793_aug2.npy,12,34. Pen,augmented_2
data\include50\augmented_train\MVI_8793_aug3.npy,12,34. Pen,augmented_3
data\include50\sequences\Animals\1. Dog\MVI_2979.npy,0,1. Dog,original
data\include50\augmented_train\MVI_2979_aug1.npy,0,1. Dog,augmented_1
data\include50\augmented_train\MVI_2979_aug2.npy,0,1. Dog,augmented_2
data\include50\augmented_train\MVI_2979_aug3.npy,0,1. Dog,augmented_3
data\include50\sequences\Adjectives\79. short\MVI_9222.npy,40,79. short,original
data\include50\augmented_train\MVI_9222_aug1.npy,40,79. short,augmented_1
data\include50\augmented_train\MVI_9222_aug2.npy,40,79. short,augmented_2
data\include50\augmented_train\MVI_9222_aug3.npy,40,79. short,augmented_3
data\include50\sequences\Clothes\42. T-Shirt\MVI_3851.npy,18,42. T-Shirt,original
data\include50\augmented_train\MVI_3851_aug1.npy,18,42. T-Shirt,augmented_1
data\include50\augmented_train\MVI_3851_aug2.npy,18,42. T-Shirt,augmented_2
data\include50\augmented_train\MVI_3851_aug3.npy,18,42. T-Shirt,augmented_3
data\include50\sequences\Places\23. Court\MVI_3531.npy,8,23. Court,original
data\include50\augmented_train\MVI_3531_aug1.npy,8,23. Court,augmented_1
data\include50\augmented_train\MVI_3531_aug2.npy,8,23. Court,augmented_2
data\include50\augmented_train\MVI_3531_aug3.npy,8,23. Court,augmented_3
data\include50\sequences\Adjectives\1. loud\MVI_5179.npy,1,1. loud,original
data\include50\augmented_train\MVI_5179_aug1.npy,1,1. loud,augmented_1
data\include50\augmented_train\MVI_5179_aug2.npy,1,1. loud,augmented_2
data\include50\augmented_train\MVI_5179_aug3.npy,1,1. loud,augmented_3
data\include50\sequences\People\66. Brother\MVI_4075.npy,34,66. Brother,original
data\include50\augmented_train\MVI_4075_aug1.npy,34,66. Brother,augmented_1
data\include50\augmented_train\MVI_4075_aug2.npy,34,66. Brother,augmented_2
data\include50\augmented_train\MVI_4075_aug3.npy,34,66. Brother,augmented_3
data\include50\sequences\Society\14. Election\MVI_8711.npy,3,14. Election,original
data\include50\augmented_train\MVI_8711_aug1.npy,3,14. Election,augmented_1
data\include50\augmented_train\MVI_8711_aug2.npy,3,14. Election,augmented_2
data\include50\augmented_train\MVI_8711_aug3.npy,3,14. Election,augmented_3
data\include50\sequences\Clothes\42. T-Shirt\MVI_5170.npy,18,42. T-Shirt,original
data\include50\augmented_train\MVI_5170_aug1.npy,18,42. T-Shirt,augmented_1
data\include50\augmented_train\MVI_5170_aug2.npy,18,42. T-Shirt,augmented_2
data\include50\augmented_train\MVI_5170_aug3.npy,18,42. T-Shirt,augmented_3
data\include50\sequences\Adjectives\91. new\MVI_5150.npy,47,91. new,original
data\include50\augmented_train\MVI_5150_aug1.npy,47,91. new,augmented_1
data\include50\augmented_train\MVI_5150_aug2.npy,47,91. new,augmented_2
data\include50\augmented_train\MVI_5150_aug3.npy,47,91. new,augmented_3
data\include50\sequences\Adjectives\94. good\MVI_5238.npy,48,94. good,original
data\include50\augmented_train\MVI_5238_aug1.npy,48,94. good,augmented_1
data\include50\augmented_train\MVI_5238_aug2.npy,48,94. good,augmented_2
data\include50\augmented_train\MVI_5238_aug3.npy,48,94. good,augmented_3
data\include50\sequences\Colours\54. Black\MVI_3740.npy,27,54. Black,original
data\include50\augmented_train\MVI_3740_aug1.npy,27,54. Black,augmented_1
data\include50\augmented_train\MVI_3740_aug2.npy,27,54. Black,augmented_2
data\include50\augmented_train\MVI_3740_aug3.npy,27,54. Black,augmented_3
data\include50\sequences\Adjectives\91. new\MVI_5148.npy,47,91. new,original
data\include50\augmented_train\MVI_5148_aug1.npy,47,91. new,augmented_1
data\include50\augmented_train\MVI_5148_aug2.npy,47,91. new,augmented_2
data\include50\augmented_train\MVI_5148_aug3.npy,47,91. new,augmented_3
data\include50\sequences\Adjectives\1. loud\MVI_9369.npy,1,1. loud,original
data\include50\augmented_train\MVI_9369_aug1.npy,1,1. loud,augmented_1
data\include50\augmented_train\MVI_9369_aug2.npy,1,1. loud,augmented_2
data\include50\augmented_train\MVI_9369_aug3.npy,1,1. loud,augmented_3
data\include50\sequences\Places\23. Court\MVI_3284.npy,8,23. Court,original
data\include50\augmented_train\MVI_3284_aug1.npy,8,23. Court,augmented_1
data\include50\augmented_train\MVI_3284_aug2.npy,8,23. Court,augmented_2
data\include50\augmented_train\MVI_3284_aug3.npy,8,23. Court,augmented_3
data\include50\sequences\People\77. Boy\MVI_3814.npy,36,77. Boy,original
data\include50\augmented_train\MVI_3814_aug1.npy,36,77. Boy,augmented_1
data\include50\augmented_train\MVI_3814_aug2.npy,36,77. Boy,augmented_2
data\include50\augmented_train\MVI_3814_aug3.npy,36,77. Boy,augmented_3
data\include50\sequences\People\61. Father\MVI_3910.npy,31,61. Father,original
data\include50\augmented_train\MVI_3910_aug1.npy,31,61. Father,augmented_1
data\include50\augmented_train\MVI_3910_aug2.npy,31,61. Father,augmented_2
data\include50\augmented_train\MVI_3910_aug3.npy,31,61. Father,augmented_3
data\include50\sequences\Colours\54. Black\MVI_4920.npy,27,54. Black,original
data\include50\augmented_train\MVI_4920_aug1.npy,27,54. Black,augmented_1
data\include50\augmented_train\MVI_4920_aug2.npy,27,54. Black,augmented_2
data\include50\augmented_train\MVI_4920_aug3.npy,27,54. Black,augmented_3
data\include50\sequences\Adjectives\83. big large\MVI_5123.npy,41,83. big large,original
data\include50\augmented_train\MVI_5123_aug1.npy,41,83. big large,augmented_1
data\include50\augmented_train\MVI_5123_aug2.npy,41,83. big large,augmented_2
data\include50\augmented_train\MVI_5123_aug3.npy,41,83. big large,augmented_3
data\include50\sequences\Home\40. Paint\MVI_4926.npy,17,40. Paint,original
data\include50\augmented_train\MVI_4926_aug1.npy,17,40. Paint,augmented_1
data\include50\augmented_train\MVI_4926_aug2.npy,17,40. Paint,augmented_2
data\include50\augmented_train\MVI_4926_aug3.npy,17,40. Paint,augmented_3
data\include50\sequences\Adjectives\1. loud\MVI_5257.npy,1,1. loud,original
data\include50\augmented_train\MVI_5257_aug1.npy,1,1. loud,augmented_1
data\include50\augmented_train\MVI_5257_aug2.npy,1,1. loud,augmented_2
data\include50\augmented_train\MVI_5257_aug3.npy,1,1. loud,augmented_3
data\include50\sequences\Means_of_Transportation\16. train ticket\MVI_3224.npy,4,16. train ticket,original
data\include50\augmented_train\MVI_3224_aug1.npy,4,16. train ticket,augmented_1
data\include50\augmented_train\MVI_3224_aug2.npy,4,16. train ticket,augmented_2
data\include50\augmented_train\MVI_3224_aug3.npy,4,16. train ticket,augmented_3
data\include50\sequences\Means_of_Transportation\11. Car\MVI_3239.npy,2,11. Car,original
data\include50\augmented_train\MVI_3239_aug1.npy,2,11. Car,augmented_1
data\include50\augmented_train\MVI_3239_aug2.npy,2,11. Car,augmented_2
data\include50\augmented_train\MVI_3239_aug3.npy,2,11. Car,augmented_3
data\include50\sequences\Electronics\53. Fan\MVI_4966.npy,26,53. Fan,original
data\include50\augmented_train\MVI_4966_aug1.npy,26,53. Fan,augmented_1
data\include50\augmented_train\MVI_4966_aug2.npy,26,53. Fan,augmented_2
data\include50\augmented_train\MVI_4966_aug3.npy,26,53. Fan,augmented_3
data\include50\sequences\Pronouns\46. you (plural)\MVI_0082.npy,21,46. you (plural),original
data\include50\augmented_train\MVI_0082_aug1.npy,21,46. you (plural),augmented_1
data\include50\augmented_train\MVI_0082_aug2.npy,21,46. you (plural),augmented_2
data\include50\augmented_train\MVI_0082_aug3.npy,21,46. you (plural),augmented_3
data\include50\sequences\Colours\54. Black\MVI_5060.npy,27,54. Black,original
data\include50\augmented_train\MVI_5060_aug1.npy,27,54. Black,augmented_1
data\include50\augmented_train\MVI_5060_aug2.npy,27,54. Black,augmented_2
data\include50\augmented_train\MVI_5060_aug3.npy,27,54. Black,augmented_3
data\include50\sequences\Adjectives\78. long\MVI_9219.npy,39,78. long,original
data\include50\augmented_train\MVI_9219_aug1.npy,39,78. long,augmented_1
data\include50\augmented_train\MVI_9219_aug2.npy,39,78. long,augmented_2
data\include50\augmented_train\MVI_9219_aug3.npy,39,78. long,augmented_3
data\include50\sequences\People\66. Brother\MVI_5243.npy,34,66. Brother,original
data\include50\augmented_train\MVI_5243_aug1.npy,34,66. Brother,augmented_1
data\include50\augmented_train\MVI_5243_aug2.npy,34,66. Brother,augmented_2
data\include50\augmented_train\MVI_5243_aug3.npy,34,66. Brother,augmented_3
data\include50\sequences\Places\23. Court\MVI_3366.npy,8,23. Court,original
data\include50\augmented_train\MVI_3366_aug1.npy,8,23. Court,augmented_1
data\include50\augmented_train\MVI_3366_aug2.npy,8,23. Court,augmented_2
data\include50\augmented_train\MVI_3366_aug3.npy,8,23. Court,augmented_3
data\include50\sequences\Seasons\61. Summer\MVI_5420.npy,32,61. Summer,original
data\include50\augmented_train\MVI_5420_aug1.npy,32,61. Summer,augmented_1
data\include50\augmented_train\MVI_5420_aug2.npy,32,61. Summer,augmented_2
data\include50\augmented_train\MVI_5420_aug3.npy,32,61. Summer,augmented_3
data\include50\sequences\People\78. Girl\MVI_4243.npy,37,78. Girl,original
data\include50\augmented_train\MVI_4243_aug1.npy,37,78. Girl,augmented_1
data\include50\augmented_train\MVI_4243_aug2.npy,37,78. Girl,augmented_2
data\include50\augmented_train\MVI_4243_aug3.npy,37,78. Girl,augmented_3
data\include50\sequences\Jobs\91. Priest\MVI_5344.npy,46,91. Priest,original
data\include50\augmented_train\MVI_5344_aug1.npy,46,91. Priest,augmented_1
data\include50\augmented_train\MVI_5344_aug2.npy,46,91. Priest,augmented_2
data\include50\augmented_train\MVI_5344_aug3.npy,46,91. Priest,augmented_3
data\include50\sequences\Adjectives\87. hot\MVI_9328.npy,45,87. hot,original
data\include50\augmented_train\MVI_9328_aug1.npy,45,87. hot,augmented_1
data\include50\augmented_train\MVI_9328_aug2.npy,45,87. hot,augmented_2
data\include50\augmented_train\MVI_9328_aug3.npy,45,87. hot,augmented_3
data\include50\sequences\Greetings\55. Thank you\MVI_0113.npy,29,55. Thank you,original
data\include50\augmented_train\MVI_0113_aug1.npy,29,55. Thank you,augmented_1
data\include50\augmented_train\MVI_0113_aug2.npy,29,55. Thank you,augmented_2
data\include50\augmented_train\MVI_0113_aug3.npy,29,55. Thank you,augmented_3
data\include50\sequences\Adjectives\83. big large\MVI_5285.npy,41,83. big large,original
data\include50\augmented_train\MVI_5285_aug1.npy,41,83. big large,augmented_1
data\include50\augmented_train\MVI_5285_aug2.npy,41,83. big large,augmented_2
data\include50\augmented_train\MVI_5285_aug3.npy,41,83. big large,augmented_3
data\include50\sequences\Greetings\48. Hello\MVI_9955.npy,23,48. Hello,original
data\include50\augmented_train\MVI_9955_aug1.npy,23,48. Hello,augmented_1
data\include50\augmented_train\MVI_9955_aug2.npy,23,48. Hello,augmented_2
data\include50\augmented_train\MVI_9955_aug3.npy,23,48. Hello,augmented_3
data\include50\sequences\Adjectives\78. long\MVI_5107.npy,39,78. long,original
data\include50\augmented_train\MVI_5107_aug1.npy,39,78. long,augmented_1
data\include50\augmented_train\MVI_5107_aug2.npy,39,78. long,augmented_2
data\include50\augmented_train\MVI_5107_aug3.npy,39,78. long,augmented_3
data\include50\sequences\Greetings\48. Hello\MVI_0029.npy,23,48. Hello,original
data\include50\augmented_train\MVI_0029_aug1.npy,23,48. Hello,augmented_1
data\include50\augmented_train\MVI_0029_aug2.npy,23,48. Hello,augmented_2
data\include50\augmented_train\MVI_0029_aug3.npy,23,48. Hello,augmented_3
data\include50\sequences\Means_of_Transportation\11. Car\MVI_4177.npy,2,11. Car,original
data\include50\augmented_train\MVI_4177_aug1.npy,2,11. Car,augmented_1
data\include50\augmented_train\MVI_4177_aug2.npy,2,11. Car,augmented_2
data\include50\augmented_train\MVI_4177_aug3.npy,2,11. Car,augmented_3
data\include50\sequences\Means_of_Transportation\11. Car\MVI_3174.npy,2,11. Car,original
data\include50\augmented_train\MVI_3174_aug1.npy,2,11. Car,augmented_1
data\include50\augmented_train\MVI_3174_aug2.npy,2,11. Car,augmented_2
data\include50\augmented_train\MVI_3174_aug3.npy,2,11. Car,augmented_3
data\include50\sequences\Home\28. Window\MVI_9013.npy,10,28. Window,original
data\include50\augmented_train\MVI_9013_aug1.npy,10,28. Window,augmented_1
data\include50\augmented_train\MVI_9013_aug2.npy,10,28. Window,augmented_2
data\include50\augmented_train\MVI_9013_aug3.npy,10,28. Window,augmented_3
data\include50\sequences\Colours\54. Black\MVI_3741.npy,27,54. Black,original
data\include50\augmented_train\MVI_3741_aug1.npy,27,54. Black,augmented_1
data\include50\augmented_train\MVI_3741_aug2.npy,27,54. Black,augmented_2
data\include50\augmented_train\MVI_3741_aug3.npy,27,54. Black,augmented_3
data\include50\sequences\Means_of_Transportation\16. train ticket\MVI_4193.npy,4,16. train ticket,original
data\include50\augmented_train\MVI_4193_aug1.npy,4,16. train ticket,augmented_1
data\include50\augmented_train\MVI_4193_aug2.npy,4,16. train ticket,augmented_2
data\include50\augmented_train\MVI_4193_aug3.npy,4,16. train ticket,augmented_3
data\include50\sequences\Home\28. Window\MVI_8766.npy,10,28. Window,original
data\include50\augmented_train\MVI_8766_aug1.npy,10,28. Window,augmented_1
data\include50\augmented_train\MVI_8766_aug2.npy,10,28. Window,augmented_2
data\include50\augmented_train\MVI_8766_aug3.npy,10,28. Window,augmented_3
data\include50\sequences\Pronouns\40. I\MVI_9957.npy,16,40. I,original
data\include50\augmented_train\MVI_9957_aug1.npy,16,40. I,augmented_1
data\include50\augmented_train\MVI_9957_aug2.npy,16,40. I,augmented_2
data\include50\augmented_train\MVI_9957_aug3.npy,16,40. I,augmented_3
data\include50\sequences\Means_of_Transportation\16. train ticket\MVI_3253.npy,4,16. train ticket,original
data\include50\augmented_train\MVI_3253_aug1.npy,4,16. train ticket,augmented_1
data\include50\augmented_train\MVI_3253_aug2.npy,4,16. train ticket,augmented_2
data\include50\augmented_train\MVI_3253_aug3.npy,4,16. train ticket,augmented_3
data\include50\sequences\Adjectives\94. good\MVI_9430.npy,48,94. good,original
data\include50\augmented_train\MVI_9430_aug1.npy,48,94. good,augmented_1
data\include50\augmented_train\MVI_9430_aug2.npy,48,94. good,augmented_2
data\include50\augmented_train\MVI_9430_aug3.npy,48,94. good,augmented_3
data\include50\sequences\Jobs\84. Teacher\MVI_5311.npy,42,84. Teacher,original
data\include50\augmented_train\MVI_5311_aug1.npy,42,84. Teacher,augmented_1
data\include50\augmented_train\MVI_5311_aug2.npy,42,84. Teacher,augmented_2
data\include50\augmented_train\MVI_5311_aug3.npy,42,84. Teacher,augmented_3
data\include50\sequences\Places\19. House\MVI_3351.npy,5,19. House,original
data\include50\augmented_train\MVI_3351_aug1.npy,5,19. House,augmented_1
data\include50\augmented_train\MVI_3351_aug2.npy,5,19. House,augmented_2
data\include50\augmented_train\MVI_3351_aug3.npy,5,19. House,augmented_3
data\include50\sequences\Adjectives\94. good\MVI_9270.npy,48,94. good,original
data\include50\augmented_train\MVI_9270_aug1.npy,48,94. good,augmented_1
data\include50\augmented_train\MVI_9270_aug2.npy,48,94. good,augmented_2
data\include50\augmented_train\MVI_9270_aug3.npy,48,94. good,augmented_3
data\include50\sequences\Adjectives\2. quiet\MVI_5339.npy,7,2. quiet,original
data\include50\augmented_train\MVI_5339_aug1.npy,7,2. quiet,augmented_1
data\include50\augmented_train\MVI_5339_aug2.npy,7,2. quiet,augmented_2
data\include50\augmented_train\MVI_5339_aug3.npy,7,2. quiet,augmented_3
data\include50\sequences\Adjectives\83. big large\MVI_9235.npy,41,83. big large,original
data\include50\augmented_train\MVI_9235_aug1.npy,41,83. big large,augmented_1
data\include50\augmented_train\MVI_9235_aug2.npy,41,83. big large,augmented_2
data\include50\augmented_train\MVI_9235_aug3.npy,41,83. big large,augmented_3
data\include50\sequences\Adjectives\2. quiet\MVI_5340.npy,7,2. quiet,original
data\include50\augmented_train\MVI_5340_aug1.npy,7,2. quiet,augmented_1
data\include50\augmented_train\MVI_5340_aug2.npy,7,2. quiet,augmented_2
data\include50\augmented_train\MVI_5340_aug3.npy,7,2. quiet,augmented_3
data\include50\sequences\Electronics\54. Cell phone\MVI_4539.npy,28,54. Cell phone,original
data\include50\augmented_train\MVI_4539_aug1.npy,28,54. Cell phone,augmented_1
data\include50\augmented_train\MVI_4539_aug2.npy,28,54. Cell phone,augmented_2
data\include50\augmented_train\MVI_4539_aug3.npy,28,54. Cell phone,augmented_3
data\include50\sequences\Days_and_Time\78. Year\MVI_5048.npy,38,78. Year,original
data\include50\augmented_train\MVI_5048_aug1.npy,38,78. Year,augmented_1
data\include50\augmented_train\MVI_5048_aug2.npy,38,78. Year,augmented_2
data\include50\augmented_train\MVI_5048_aug3.npy,38,78. Year,augmented_3
data\include50\sequences\Electronics\53. Fan\MVI_4536.npy,26,53. Fan,original
data\include50\augmented_train\MVI_4536_aug1.npy,26,53. Fan,augmented_1
data\include50\augmented_train\MVI_4536_aug2.npy,26,53. Fan,augmented_2
data\include50\augmented_train\MVI_4536_aug3.npy,26,53. Fan,augmented_3
data\include50\sequences\Adjectives\83. big large\MVI_5125.npy,41,83. big large,original
data\include50\augmented_train\MVI_5125_aug1.npy,41,83. big large,augmented_1
data\include50\augmented_train\MVI_5125_aug2.npy,41,83. big large,augmented_2
data\include50\augmented_train\MVI_5125_aug3.npy,41,83. big large,augmented_3
data\include50\sequences\Adjectives\91. new\MVI_9423.npy,47,91. new,original
data\include50\augmented_train\MVI_9423_aug1.npy,47,91. new,augmented_1
data\include50\augmented_train\MVI_9423_aug2.npy,47,91. new,augmented_2
data\include50\augmented_train\MVI_9423_aug3.npy,47,91. new,augmented_3
data\include50\sequences\Society\2. Death\MVI_8663.npy,6,2. Death,original
data\include50\augmented_train\MVI_8663_aug1.npy,6,2. Death,augmented_1
data\include50\augmented_train\MVI_8663_aug2.npy,6,2. Death,augmented_2
data\include50\augmented_train\MVI_8663_aug3.npy,6,2. Death,augmented_3
data\include50\sequences\Electronics\54. Cell phone\MVI_4540.npy,28,54. Cell phone,original
data\include50\augmented_train\MVI_4540_aug1.npy,28,54. Cell phone,augmented_1
data\include50\augmented_train\MVI_4540_aug2.npy,28,54. Cell phone,augmented_2
data\include50\augmented_train\MVI_4540_aug3.npy,28,54. Cell phone,augmented_3
data\include50\sequences\Adjectives\3. happy\MVI_9456.npy,11,3. happy,original
data\include50\augmented_train\MVI_9456_aug1.npy,11,3. happy,augmented_1
data\include50\augmented_train\MVI_9456_aug2.npy,11,3. happy,augmented_2
data\include50\augmented_train\MVI_9456_aug3.npy,11,3. happy,augmented_3
data\include50\sequences\Pronouns\44. it\MVI_9899.npy,20,44. it,original
data\include50\augmented_train\MVI_9899_aug1.npy,20,44. it,augmented_1
data\include50\augmented_train\MVI_9899_aug2.npy,20,44. it,augmented_2
data\include50\augmented_train\MVI_9899_aug3.npy,20,44. it,augmented_3
data\include50\sequences\Seasons\61. Summer\MVI_4566.npy,32,61. Summer,original
data\include50\augmented_train\MVI_4566_aug1.npy,32,61. Summer,augmented_1
data\include50\augmented_train\MVI_4566_aug2.npy,32,61. Summer,augmented_2
data\include50\augmented_train\MVI_4566_aug3.npy,32,61. Summer,augmented_3
data\include50\sequences\Days_and_Time\86. Time\MVI_5525.npy,44,86. Time,original
data\include50\augmented_train\MVI_5525_aug1.npy,44,86. Time,augmented_1
data\include50\augmented_train\MVI_5525_aug2.npy,44,86. Time,augmented_2
data\include50\augmented_train\MVI_5525_aug3.npy,44,86. Time,augmented_3
data\include50\sequences\People\78. Girl\MVI_4115.npy,37,78. Girl,original
data\include50\augmented_train\MVI_4115_aug1.npy,37,78. Girl,augmented_1
data\include50\augmented_train\MVI_4115_aug2.npy,37,78. Girl,augmented_2
data\include50\augmented_train\MVI_4115_aug3.npy,37,78. Girl,augmented_3
data\include50\sequences\Pronouns\40. I\MVI_0001.npy,16,40. I,original
data\include50\augmented_train\MVI_0001_aug1.npy,16,40. I,augmented_1
data\include50\augmented_train\MVI_0001_aug2.npy,16,40. I,augmented_2
data\include50\augmented_train\MVI_0001_aug3.npy,16,40. I,augmented_3
data\include50\sequences\Adjectives\3. happy\MVI_9376.npy,11,3. happy,original
data\include50\augmented_train\MVI_9376_aug1.npy,11,3. happy,augmented_1
data\include50\augmented_train\MVI_9376_aug2.npy,11,3. happy,augmented_2
data\include50\augmented_train\MVI_9376_aug3.npy,11,3. happy,augmented_3
data\include50\sequences\Places\28. Store or Shop\MVI_3474.npy,9,28. Store or Shop,original
data\include50\augmented_train\MVI_3474_aug1.npy,9,28. Store or Shop,augmented_1
data\include50\augmented_train\MVI_3474_aug2.npy,9,28. Store or Shop,augmented_2
data\include50\augmented_train\MVI_3474_aug3.npy,9,28. Store or Shop,augmented_3
data\include50\sequences\Jobs\91. Priest\MVI_8888.npy,46,91. Priest,original
data\include50\augmented_train\MVI_8888_aug1.npy,46,91. Priest,augmented_1
data\include50\augmented_train\MVI_8888_aug2.npy,46,91. Priest,augmented_2
data\include50\augmented_train\MVI_8888_aug3.npy,46,91. Priest,augmented_3
data\include50\sequences\Adjectives\1. loud\MVI_5259.npy,1,1. loud,original
data\include50\augmented_train\MVI_5259_aug1.npy,1,1. loud,augmented_1
data\include50\augmented_train\MVI_5259_aug2.npy,1,1. loud,augmented_2
data\include50\augmented_train\MVI_5259_aug3.npy,1,1. loud,augmented_3
data\include50\sequences\Adjectives\3. happy\MVI_5183.npy,11,3. happy,original
data\include50\augmented_train\MVI_5183_aug1.npy,11,3. happy,augmented_1
data\include50\augmented_train\MVI_5183_aug2.npy,11,3. happy,augmented_2
data\include50\augmented_train\MVI_5183_aug3.npy,11,3. happy,augmented_3
data\include50\sequences\Greetings\55. Thank you\MVI_9950.npy,29,55. Thank you,original
data\include50\augmented_train\MVI_9950_aug1.npy,29,55. Thank you,augmented_1
data\include50\augmented_train\MVI_9950_aug2.npy,29,55. Thank you,augmented_2
data\include50\augmented_train\MVI_9950_aug3.npy,29,55. Thank you,augmented_3
data\include50\sequences\Adjectives\2. quiet\MVI_9292.npy,7,2. quiet,original
data\include50\augmented_train\MVI_9292_aug1.npy,7,2. quiet,augmented_1
data\include50\augmented_train\MVI_9292_aug2.npy,7,2. quiet,augmented_2
data\include50\augmented_train\MVI_9292_aug3.npy,7,2. quiet,augmented_3
data\include50\sequences\Home\40. Paint\MVI_4414.npy,17,40. Paint,original
data\include50\augmented_train\MVI_4414_aug1.npy,17,40. Paint,augmented_1
data\include50\augmented_train\MVI_4414_aug2.npy,17,40. Paint,augmented_2
data\include50\augmented_train\MVI_4414_aug3.npy,17,40. Paint,augmented_3
data\include50\sequences\Adjectives\3. happy\MVI_5342.npy,11,3. happy,original
data\include50\augmented_train\MVI_5342_aug1.npy,11,3. happy,augmented_1
data\include50\augmented_train\MVI_5342_aug2.npy,11,3. happy,augmented_2
data\include50\augmented_train\MVI_5342_aug3.npy,11,3. happy,augmented_3
data\include50\sequences\Colours\47. Red\MVI_5039.npy,22,47. Red,original
data\include50\augmented_train\MVI_5039_aug1.npy,22,47. Red,augmented_1
data\include50\augmented_train\MVI_5039_aug2.npy,22,47. Red,augmented_2
data\include50\augmented_train\MVI_5039_aug3.npy,22,47. Red,augmented_3
data\include50\sequences\Colours\54. Black\MVI_5208.npy,27,54. Black,original
data\include50\augmented_train\MVI_5208_aug1.npy,27,54. Black,augmented_1
data\include50\augmented_train\MVI_5208_aug2.npy,27,54. Black,augmented_2
data\include50\augmented_train\MVI_5208_aug3.npy,27,54. Black,augmented_3
data\include50\sequences\Days_and_Time\67. Monday\MVI_4591.npy,35,67. Monday,original
data\include50\augmented_train\MVI_4591_aug1.npy,35,67. Monday,augmented_1
data\include50\augmented_train\MVI_4591_aug2.npy,35,67. Monday,augmented_2
data\include50\augmented_train\MVI_4591_aug3.npy,35,67. Monday,augmented_3
data\include50\sequences\Adjectives\94. good\MVI_5318.npy,48,94. good,original
data\include50\augmented_train\MVI_5318_aug1.npy,48,94. good,augmented_1
data\include50\augmented_train\MVI_5318_aug2.npy,48,94. good,augmented_2
data\include50\augmented_train\MVI_5318_aug3.npy,48,94. good,augmented_3
data\include50\sequences\Pronouns\40. I\MVI_0012.npy,16,40. I,original
data\include50\augmented_train\MVI_0012_aug1.npy,16,40. I,augmented_1
data\include50\augmented_train\MVI_0012_aug2.npy,16,40. I,augmented_2
data\include50\augmented_train\MVI_0012_aug3.npy,16,40. I,augmented_3
data\include50\sequences\Colours\54. Black\MVI_3742.npy,27,54. Black,original
data\include50\augmented_train\MVI_3742_aug1.npy,27,54. Black,augmented_1
data\include50\augmented_train\MVI_3742_aug2.npy,27,54. Black,augmented_2
data\include50\augmented_train\MVI_3742_aug3.npy,27,54. Black,augmented_3
data\include50\sequences\Places\28. Store or Shop\MVI_3633.npy,9,28. Store or Shop,original
data\include50\augmented_train\MVI_3633_aug1.npy,9,28. Store or Shop,augmented_1
data\include50\augmented_train\MVI_3633_aug2.npy,9,28. Store or Shop,augmented_2
data\include50\augmented_train\MVI_3633_aug3.npy,9,28. Store or Shop,augmented_3
data\include50\sequences\Clothes\42. T-Shirt\MVI_4003.npy,18,42. T-Shirt,original
data\include50\augmented_train\MVI_4003_aug1.npy,18,42. T-Shirt,augmented_1
data\include50\augmented_train\MVI_4003_aug2.npy,18,42. T-Shirt,augmented_2
data\include50\augmented_train\MVI_4003_aug3.npy,18,42. T-Shirt,augmented_3
data\include50\sequences\Seasons\64. Fall\MVI_5433.npy,33,64. Fall,original
data\include50\augmented_train\MVI_5433_aug1.npy,33,64. Fall,augmented_1
data\include50\augmented_train\MVI_5433_aug2.npy,33,64. Fall,augmented_2
data\include50\augmented_train\MVI_5433_aug3.npy,33,64. Fall,augmented_3
data\include50\sequences\People\66. Brother\MVI_5245.npy,34,66. Brother,original
data\include50\augmented_train\MVI_5245_aug1.npy,34,66. Brother,augmented_1
data\include50\augmented_train\MVI_5245_aug2.npy,34,66. Brother,augmented_2
data\include50\augmented_train\MVI_5245_aug3.npy,34,66. Brother,augmented_3
data\include50\sequences\Clothes\44. Shoes\MVI_5176.npy,19,44. Shoes,original
data\include50\augmented_train\MVI_5176_aug1.npy,19,44. Shoes,augmented_1
data\include50\augmented_train\MVI_5176_aug2.npy,19,44. Shoes,augmented_2
data\include50\augmented_train\MVI_5176_aug3.npy,19,44. Shoes,augmented_3
data\include50\sequences\People\78. Girl\MVI_5290.npy,37,78. Girl,original
data\include50\augmented_train\MVI_5290_aug1.npy,37,78. Girl,augmented_1
data\include50\augmented_train\MVI_5290_aug2.npy,37,78. Girl,augmented_2
data\include50\augmented_train\MVI_5290_aug3.npy,37,78. Girl,augmented_3
data\include50\sequences\Home\28. Window\MVI_8769.npy,10,28. Window,original
data\include50\augmented_train\MVI_8769_aug1.npy,10,28. Window,augmented_1
data\include50\augmented_train\MVI_8769_aug2.npy,10,28. Window,augmented_2
data\include50\augmented_train\MVI_8769_aug3.npy,10,28. Window,augmented_3
data\include50\sequences\Places\19. House\MVI_3596.npy,5,19. House,original
data\include50\augmented_train\MVI_3596_aug1.npy,5,19. House,augmented_1
data\include50\augmented_train\MVI_3596_aug2.npy,5,19. House,augmented_2
data\include50\augmented_train\MVI_3596_aug3.npy,5,19. House,augmented_3
data\include50\sequences\Adjectives\2. quiet\MVI_9451.npy,7,2. quiet,original
data\include50\augmented_train\MVI_9451_aug1.npy,7,2. quiet,augmented_1
data\include50\augmented_train\MVI_9451_aug2.npy,7,2. quiet,augmented_2
data\include50\augmented_train\MVI_9451_aug3.npy,7,2. quiet,augmented_3
data\include50\sequences\Adjectives\91. new\MVI_9421.npy,47,91. new,original
data\include50\augmented_train\MVI_9421_aug1.npy,47,91. new,augmented_1
data\include50\augmented_train\MVI_9421_aug2.npy,47,91. new,augmented_2
data\include50\augmented_train\MVI_9421_aug3.npy,47,91. new,augmented_3
data\include50\sequences\Animals\4. Bird\MVI_3040.npy,15,4. Bird,original
data\include50\augmented_train\MVI_3040_aug1.npy,15,4. Bird,augmented_1
data\include50\augmented_train\MVI_3040_aug2.npy,15,4. Bird,augmented_2
data\include50\augmented_train\MVI_3040_aug3.npy,15,4. Bird,augmented_3
data\include50\sequences\Greetings\55. Thank you\MVI_0060.npy,29,55. Thank you,original
data\include50\augmented_train\MVI_0060_aug1.npy,29,55. Thank you,augmented_1
data\include50\augmented_train\MVI_0060_aug2.npy,29,55. Thank you,augmented_2
data\include50\augmented_train\MVI_0060_aug3.npy,29,55. Thank you,augmented_3
data\include50\sequences\Places\28. Store or Shop\MVI_3553.npy,9,28. Store or Shop,original
data\include50\augmented_train\MVI_3553_aug1.npy,9,28. Store or Shop,augmented_1
data\include50\augmented_train\MVI_3553_aug2.npy,9,28. Store or Shop,augmented_2
data\include50\augmented_train\MVI_3553_aug3.npy,9,28. Store or Shop,augmented_3
data\include50\sequences\Electronics\54. Cell phone\MVI_4969.npy,28,54. Cell phone,original
data\include50\augmented_train\MVI_4969_aug1.npy,28,54. Cell phone,augmented_1
data\include50\augmented_train\MVI_4969_aug2.npy,28,54. Cell phone,augmented_2
data\include50\augmented_train\MVI_4969_aug3.npy,28,54. Cell phone,augmented_3
data\include50\sequences\Seasons\64. Fall\MVI_4579.npy,33,64. Fall,original
data\include50\augmented_train\MVI_4579_aug1.npy,33,64. Fall,augmented_1
data\include50\augmented_train\MVI_4579_aug2.npy,33,64. Fall,augmented_2
data\include50\augmented_train\MVI_4579_aug3.npy,33,64. Fall,augmented_3
data\include50\sequences\People\77. Boy\MVI_3815.npy,36,77. Boy,original
data\include50\augmented_train\MVI_3815_aug1.npy,36,77. Boy,augmented_1
data\include50\augmented_train\MVI_3815_aug2.npy,36,77. Boy,augmented_2
data\include50\augmented_train\MVI_3815_aug3.npy,36,77. Boy,augmented_3
data\include50\sequences\Adjectives\3. happy\MVI_9375.npy,11,3. happy,original
data\include50\augmented_train\MVI_9375_aug1.npy,11,3. happy,augmented_1
data\include50\augmented_train\MVI_9375_aug2.npy,11,3. happy,augmented_2
data\include50\augmented_train\MVI_9375_aug3.npy,11,3. happy,augmented_3
data\include50\sequences\Greetings\55. Thank you\MVI_9987.npy,29,55. Thank you,original
data\include50\augmented_train\MVI_9987_aug1.npy,29,55. Thank you,augmented_1
data\include50\augmented_train\MVI_9987_aug2.npy,29,55. Thank you,augmented_2
data\include50\augmented_train\MVI_9987_aug3.npy,29,55. Thank you,augmented_3
data\include50\sequences\Adjectives\84. small little\MVI_9400.npy,43,84. small little,original
data\include50\augmented_train\MVI_9400_aug1.npy,43,84. small little,augmented_1
data\include50\augmented_train\MVI_9400_aug2.npy,43,84. small little,augmented_2
data\include50\augmented_train\MVI_9400_aug3.npy,43,84. small little,augmented_3
data\include50\sequences\Jobs\84. Teacher\MVI_4457.npy,42,84. Teacher,original
data\include50\augmented_train\MVI_4457_aug1.npy,42,84. Teacher,augmented_1
data\include50\augmented_train\MVI_4457_aug2.npy,42,84. Teacher,augmented_2
data\include50\augmented_train\MVI_4457_aug3.npy,42,84. Teacher,augmented_3
data\include50\sequences\People\77. Boy\MVI_3816.npy,36,77. Boy,original
data\include50\augmented_train\MVI_3816_aug1.npy,36,77. Boy,augmented_1
data\include50\augmented_train\MVI_3816_aug2.npy,36,77. Boy,augmented_2
data\include50\augmented_train\MVI_3816_aug3.npy,36,77. Boy,augmented_3
data\include50\sequences\Places\19. House\MVI_3516.npy,5,19. House,original
data\include50\augmented_train\MVI_3516_aug1.npy,5,19. House,augmented_1
data\include50\augmented_train\MVI_3516_aug2.npy,5,19. House,augmented_2
data\include50\augmented_train\MVI_3516_aug3.npy,5,19. House,augmented_3
data\include50\sequences\Greetings\51. Good Morning\MVI_9992.npy,25,51. Good Morning,original
data\include50\augmented_train\MVI_9992_aug1.npy,25,51. Good Morning,augmented_1
data\include50\augmented_train\MVI_9992_aug2.npy,25,51. Good Morning,augmented_2
data\include50\augmented_train\MVI_9992_aug3.npy,25,51. Good Morning,augmented_3
data\include50\sequences\Greetings\48. Hello\MVI_9917.npy,23,48. Hello,original
data\include50\augmented_train\MVI_9917_aug1.npy,23,48. Hello,augmented_1
data\include50\augmented_train\MVI_9917_aug2.npy,23,48. Hello,augmented_2
data\include50\augmented_train\MVI_9917_aug3.npy,23,48. Hello,augmented_3
data\include50\sequences\Adjectives\97. dry\MVI_5328.npy,49,97. dry,original
data\include50\augmented_train\MVI_5328_aug1.npy,49,97. dry,augmented_1
data\include50\augmented_train\MVI_5328_aug2.npy,49,97. dry,augmented_2
data\include50\augmented_train\MVI_5328_aug3.npy,49,97. dry,augmented_3
data\include50\sequences\Pronouns\40. I\MVI_0065.npy,16,40. I,original
data\include50\augmented_train\MVI_0065_aug1.npy,16,40. I,augmented_1
data\include50\augmented_train\MVI_0065_aug2.npy,16,40. I,augmented_2
data\include50\augmented_train\MVI_0065_aug3.npy,16,40. I,augmented_3
data\include50\sequences\Colours\54. Black\MVI_4041.npy,27,54. Black,original
data\include50\augmented_train\MVI_4041_aug1.npy,27,54. Black,augmented_1
data\include50\augmented_train\MVI_4041_aug2.npy,27,54. Black,augmented_2
data\include50\augmented_train\MVI_4041_aug3.npy,27,54. Black,augmented_3
data\include50\sequences\Colours\55. White\MVI_5063.npy,30,55. White,original
data\include50\augmented_train\MVI_5063_aug1.npy,30,55. White,augmented_1
data\include50\augmented_train\MVI_5063_aug2.npy,30,55. White,augmented_2
data\include50\augmented_train\MVI_5063_aug3.npy,30,55. White,augmented_3
data\include50\sequences\Adjectives\97. dry\MVI_9441.npy,49,97. dry,original
data\include50\augmented_train\MVI_9441_aug1.npy,49,97. dry,augmented_1
data\include50\augmented_train\MVI_9441_aug2.npy,49,97. dry,augmented_2
data\include50\augmented_train\MVI_9441_aug3.npy,49,97. dry,augmented_3
data\include50\sequences\Days_and_Time\86. Time\MVI_5526.npy,44,86. Time,original
data\include50\augmented_train\MVI_5526_aug1.npy,44,86. Time,augmented_1
data\include50\augmented_train\MVI_5526_aug2.npy,44,86. Time,augmented_2
data\include50\augmented_train\MVI_5526_aug3.npy,44,86. Time,augmented_3
data\include50\sequences\Means_of_Transportation\16. train ticket\MVI_3225.npy,4,16. train ticket,original
data\include50\augmented_train\MVI_3225_aug1.npy,4,16. train ticket,augmented_1
data\include50\augmented_train\MVI_3225_aug2.npy,4,16. train ticket,augmented_2
data\include50\augmented_train\MVI_3225_aug3.npy,4,16. train ticket,augmented_3
data\include50\sequences\Adjectives\97. dry\MVI_9439.npy,49,97. dry,original
data\include50\augmented_train\MVI_9439_aug1.npy,49,97. dry,augmented_1
data\include50\augmented_train\MVI_9439_aug2.npy,49,97. dry,augmented_2
data\include50\augmented_train\MVI_9439_aug3.npy,49,97. dry,augmented_3
data\include50\sequences\Pronouns\40. I\MVI_9959.npy,16,40. I,original
data\include50\augmented_train\MVI_9959_aug1.npy,16,40. I,augmented_1
data\include50\augmented_train\MVI_9959_aug2.npy,16,40. I,augmented_2
data\include50\augmented_train\MVI_9959_aug3.npy,16,40. I,augmented_3
data\include50\sequences\Adjectives\97. dry\MVI_9279.npy,49,97. dry,original
data\include50\augmented_train\MVI_9279_aug1.npy,49,97. dry,augmented_1
data\include50\augmented_train\MVI_9279_aug2.npy,49,97. dry,augmented_2
data\include50\augmented_train\MVI_9279_aug3.npy,49,97. dry,augmented_3
data\include50\sequences\Places\23. Court\MVI_3533.npy,8,23. Court,original
data\include50\augmented_train\MVI_3533_aug1.npy,8,23. Court,augmented_1
data\include50\augmented_train\MVI_3533_aug2.npy,8,23. Court,augmented_2
data\include50\augmented_train\MVI_3533_aug3.npy,8,23. Court,augmented_3
data\include50\sequences\Days_and_Time\78. Year\MVI_4637.npy,38,78. Year,original
data\include50\augmented_train\MVI_4637_aug1.npy,38,78. Year,augmented_1
data\include50\augmented_train\MVI_4637_aug2.npy,38,78. Year,augmented_2
data\include50\augmented_train\MVI_4637_aug3.npy,38,78. Year,augmented_3
data\include50\sequences\Electronics\53. Fan\MVI_5390.npy,26,53. Fan,original
data\include50\augmented_train\MVI_5390_aug1.npy,26,53. Fan,augmented_1
data\include50\augmented_train\MVI_5390_aug2.npy,26,53. Fan,augmented_2
data\include50\augmented_train\MVI_5390_aug3.npy,26,53. Fan,augmented_3
data\include50\sequences\Pronouns\44. it\MVI_9897.npy,20,44. it,original
data\include50\augmented_train\MVI_9897_aug1.npy,20,44. it,augmented_1
data\include50\augmented_train\MVI_9897_aug2.npy,20,44. it,augmented_2
data\include50\augmented_train\MVI_9897_aug3.npy,20,44. it,augmented_3
data\include50\sequences\Animals\4. Bird\MVI_3011.npy,15,4. Bird,original
data\include50\augmented_train\MVI_3011_aug1.npy,15,4. Bird,augmented_1
data\include50\augmented_train\MVI_3011_aug2.npy,15,4. Bird,augmented_2
data\include50\augmented_train\MVI_3011_aug3.npy,15,4. Bird,augmented_3
data\include50\sequences\Means_of_Transportation\16. train ticket\MVI_4191.npy,4,16. train ticket,original
data\include50\augmented_train\MVI_4191_aug1.npy,4,16. train ticket,augmented_1
data\include50\augmented_train\MVI_4191_aug2.npy,4,16. train ticket,augmented_2
data\include50\augmented_train\MVI_4191_aug3.npy,4,16. train ticket,augmented_3
data\include50\sequences\Adjectives\3. happy\MVI_9454.npy,11,3. happy,original
data\include50\augmented_train\MVI_9454_aug1.npy,11,3. happy,augmented_1
data\include50\augmented_train\MVI_9454_aug2.npy,11,3. happy,augmented_2
data\include50\augmented_train\MVI_9454_aug3.npy,11,3. happy,augmented_3
data\include50\sequences\Adjectives\79. short\MVI_9462.npy,40,79. short,original
data\include50\augmented_train\MVI_9462_aug1.npy,40,79. short,augmented_1
data\include50\augmented_train\MVI_9462_aug2.npy,40,79. short,augmented_2
data\include50\augmented_train\MVI_9462_aug3.npy,40,79. short,augmented_3
data\include50\sequences\Colours\54. Black\MVI_5207.npy,27,54. Black,original
data\include50\augmented_train\MVI_5207_aug1.npy,27,54. Black,augmented_1
data\include50\augmented_train\MVI_5207_aug2.npy,27,54. Black,augmented_2
data\include50\augmented_train\MVI_5207_aug3.npy,27,54. Black,augmented_3
data\include50\sequences\Days_and_Time\86. Time\MVI_4667.npy,44,86. Time,original
data\include50\augmented_train\MVI_4667_aug1.npy,44,86. Time,augmented_1
data\include50\augmented_train\MVI_4667_aug2.npy,44,86. Time,augmented_2
data\include50\augmented_train\MVI_4667_aug3.npy,44,86. Time,augmented_3
data\include50\sequences\Animals\5. Cow\MVI_2990.npy,24,5. Cow,original
data\include50\augmented_train\MVI_2990_aug1.npy,24,5. Cow,augmented_1
data\include50\augmented_train\MVI_2990_aug2.npy,24,5. Cow,augmented_2
data\include50\augmented_train\MVI_2990_aug3.npy,24,5. Cow,augmented_3
data\include50\sequences\Clothes\44. Shoes\MVI_4010.npy,19,44. Shoes,original
data\include50\augmented_train\MVI_4010_aug1.npy,19,44. Shoes,augmented_1
data\include50\augmented_train\MVI_4010_aug2.npy,19,44. Shoes,augmented_2
data\include50\augmented_train\MVI_4010_aug3.npy,19,44. Shoes,augmented_3
data\include50\sequences\Adjectives\97. dry\MVI_5169.npy,49,97. dry,original
data\include50\augmented_train\MVI_5169_aug1.npy,49,97. dry,augmented_1
data\include50\augmented_train\MVI_5169_aug2.npy,49,97. dry,augmented_2
data\include50\augmented_train\MVI_5169_aug3.npy,49,97. dry,augmented_3
data\include50\sequences\Animals\5. Cow\MVI_4159.npy,24,5. Cow,original
data\include50\augmented_train\MVI_4159_aug1.npy,24,5. Cow,augmented_1
data\include50\augmented_train\MVI_4159_aug2.npy,24,5. Cow,augmented_2
data\include50\augmented_train\MVI_4159_aug3.npy,24,5. Cow,augmented_3
data\include50\sequences\Means_of_Transportation\16. train ticket\MVI_3197.npy,4,16. train ticket,original
data\include50\augmented_train\MVI_3197_aug1.npy,4,16. train ticket,augmented_1
data\include50\augmented_train\MVI_3197_aug2.npy,4,16. train ticket,augmented_2
data\include50\augmented_train\MVI_3197_aug3.npy,4,16. train ticket,augmented_3
data\include50\sequences\Adjectives\3. happy\MVI_9296.npy,11,3. happy,original
data\include50\augmented_train\MVI_9296_aug1.npy,11,3. happy,augmented_1
data\include50\augmented_train\MVI_9296_aug2.npy,11,3. happy,augmented_2
data\include50\augmented_train\MVI_9296_aug3.npy,11,3. happy,augmented_3
data\include50\sequences\People\77. Boy\MVI_5132.npy,36,77. Boy,original
data\include50\augmented_train\MVI_5132_aug1.npy,36,77. Boy,augmented_1
data\include50\augmented_train\MVI_5132_aug2.npy,36,77. Boy,augmented_2
data\include50\augmented_train\MVI_5132_aug3.npy,36,77. Boy,augmented_3
data\include50\sequences\Home\40. Paint\MVI_9052.npy,17,40. Paint,original
data\include50\augmented_train\MVI_9052_aug1.npy,17,40. Paint,augmented_1
data\include50\augmented_train\MVI_9052_aug2.npy,17,40. Paint,augmented_2
data\include50\augmented_train\MVI_9052_aug3.npy,17,40. Paint,augmented_3
data\include50\sequences\Means_of_Transportation\11. Car\MVI_4178.npy,2,11. Car,original
data\include50\augmented_train\MVI_4178_aug1.npy,2,11. Car,augmented_1
data\include50\augmented_train\MVI_4178_aug2.npy,2,11. Car,augmented_2
data\include50\augmented_train\MVI_4178_aug3.npy,2,11. Car,augmented_3
data\include50\sequences\Adjectives\94. good\MVI_9432.npy,48,94. good,original
data\include50\augmented_train\MVI_9432_aug1.npy,48,94. good,augmented_1
data\include50\augmented_train\MVI_9432_aug2.npy,48,94. good,augmented_2
data\include50\augmented_train\MVI_9432_aug3.npy,48,94. good,augmented_3
data\include50\sequences\Adjectives\3. happy\MVI_5184.npy,11,3. happy,original
data\include50\augmented_train\MVI_5184_aug1.npy,11,3. happy,augmented_1
data\include50\augmented_train\MVI_5184_aug2.npy,11,3. happy,augmented_2
data\include50\augmented_train\MVI_5184_aug3.npy,11,3. happy,augmented_3
data\include50\sequences\Seasons\64. Fall\MVI_5000.npy,33,64. Fall,original
data\include50\augmented_train\MVI_5000_aug1.npy,33,64. Fall,augmented_1
data\include50\augmented_train\MVI_5000_aug2.npy,33,64. Fall,augmented_2
data\include50\augmented_train\MVI_5000_aug3.npy,33,64. Fall,augmented_3
data\include50\sequences\Clothes\44. Shoes\MVI_5177.npy,19,44. Shoes,original
data\include50\augmented_train\MVI_5177_aug1.npy,19,44. Shoes,augmented_1
data\include50\augmented_train\MVI_5177_aug2.npy,19,44. Shoes,augmented_2
data\include50\augmented_train\MVI_5177_aug3.npy,19,44. Shoes,augmented_3
data\include50\sequences\Days_and_Time\67. Monday\MVI_9142.npy,35,67. Monday,original
data\include50\augmented_train\MVI_9142_aug1.npy,35,67. Monday,augmented_1
data\include50\augmented_train\MVI_9142_aug2.npy,35,67. Monday,augmented_2
data\include50\augmented_train\MVI_9142_aug3.npy,35,67. Monday,augmented_3
data\include50\sequences\Greetings\48. Hello\MVI_0038.npy,23,48. Hello,original
data\include50\augmented_train\MVI_0038_aug1.npy,23,48. Hello,augmented_1
data\include50\augmented_train\MVI_0038_aug2.npy,23,48. Hello,augmented_2
data\include50\augmented_train\MVI_0038_aug3.npy,23,48. Hello,augmented_3
data\include50\sequences\Jobs\84. Teacher\MVI_5313.npy,42,84. Teacher,original
data\include50\augmented_train\MVI_5313_aug1.npy,42,84. Teacher,augmented_1
data\include50\augmented_train\MVI_5313_aug2.npy,42,84. Teacher,augmented_2
data\include50\augmented_train\MVI_5313_aug3.npy,42,84. Teacher,augmented_3
data\include50\sequences\People\78. Girl\MVI_3966.npy,37,78. Girl,original
data\include50\augmented_train\MVI_3966_aug1.npy,37,78. Girl,augmented_1
data\include50\augmented_train\MVI_3966_aug2.npy,37,78. Girl,augmented_2
data\include50\augmented_train\MVI_3966_aug3.npy,37,78. Girl,augmented_3
data\include50\sequences\Colours\55. White\MVI_5061.npy,30,55. White,original
data\include50\augmented_train\MVI_5061_aug1.npy,30,55. White,augmented_1
data\include50\augmented_train\MVI_5061_aug2.npy,30,55. White,augmented_2
data\include50\augmented_train\MVI_5061_aug3.npy,30,55. White,augmented_3
data\include50\sequences\Animals\1. Dog\MVI_3086.npy,0,1. Dog,original
data\include50\augmented_train\MVI_3086_aug1.npy,0,1. Dog,augmented_1
data\include50\augmented_train\MVI_3086_aug2.npy,0,1. Dog,augmented_2
data\include50\augmented_train\MVI_3086_aug3.npy,0,1. Dog,augmented_3
data\include50\sequences\Pronouns\46. you (plural)\MVI_0024.npy,21,46. you (plural),original
data\include50\augmented_train\MVI_0024_aug1.npy,21,46. you (plural),augmented_1
data\include50\augmented_train\MVI_0024_aug2.npy,21,46. you (plural),augmented_2
data\include50\augmented_train\MVI_0024_aug3.npy,21,46. you (plural),augmented_3
data\include50\sequences\Adjectives\78. long\MVI_5266.npy,39,78. long,original
data\include50\augmented_train\MVI_5266_aug1.npy,39,78. long,augmented_1
data\include50\augmented_train\MVI_5266_aug2.npy,39,78. long,augmented_2
data\include50\augmented_train\MVI_5266_aug3.npy,39,78. long,augmented_3
data\include50\sequences\Adjectives\2. quiet\MVI_5338.npy,7,2. quiet,original
data\include50\augmented_train\MVI_5338_aug1.npy,7,2. quiet,augmented_1
data\include50\augmented_train\MVI_5338_aug2.npy,7,2. quiet,augmented_2
data\include50\augmented_train\MVI_5338_aug3.npy,7,2. quiet,augmented_3
data\include50\sequences\Greetings\48. Hello\MVI_0089.npy,23,48. Hello,original
data\include50\augmented_train\MVI_0089_aug1.npy,23,48. Hello,augmented_1
data\include50\augmented_train\MVI_0089_aug2.npy,23,48. Hello,augmented_2
data\include50\augmented_train\MVI_0089_aug3.npy,23,48. Hello,augmented_3
data\include50\sequences\Adjectives\87. hot\MVI_5218.npy,45,87. hot,original
data\include50\augmented_train\MVI_5218_aug1.npy,45,87. hot,augmented_1
data\include50\augmented_train\MVI_5218_aug2.npy,45,87. hot,augmented_2
data\include50\augmented_train\MVI_5218_aug3.npy,45,87. hot,augmented_3
data\include50\sequences\Adjectives\1. loud\MVI_5335.npy,1,1. loud,original
data\include50\augmented_train\MVI_5335_aug1.npy,1,1. loud,augmented_1
data\include50\augmented_train\MVI_5335_aug2.npy,1,1. loud,augmented_2
data\include50\augmented_train\MVI_5335_aug3.npy,1,1. loud,augmented_3
data\include50\sequences\Places\23. Court\MVI_3532.npy,8,23. Court,original
data\include50\augmented_train\MVI_3532_aug1.npy,8,23. Court,augmented_1
data\include50\augmented_train\MVI_3532_aug2.npy,8,23. Court,augmented_2
data\include50\augmented_train\MVI_3532_aug3.npy,8,23. Court,augmented_3
data\include50\sequences\Adjectives\84. small little\MVI_5126.npy,43,84. small little,original
data\include50\augmented_train\MVI_5126_aug1.npy,43,84. small little,augmented_1
data\include50\augmented_train\MVI_5126_aug2.npy,43,84. small little,augmented_2
data\include50\augmented_train\MVI_5126_aug3.npy,43,84. small little,augmented_3
data\include50\sequences\Pronouns\44. it\MVI_0026.npy,20,44. it,original
data\include50\augmented_train\MVI_0026_aug1.npy,20,44. it,augmented_1
data\include50\augmented_train\MVI_0026_aug2.npy,20,44. it,augmented_2
data\include50\augmented_train\MVI_0026_aug3.npy,20,44. it,augmented_3
data\include50\sequences\Days_and_Time\67. Monday\MVI_4594.npy,35,67. Monday,original
data\include50\augmented_train\MVI_4594_aug1.npy,35,67. Monday,augmented_1
data\include50\augmented_train\MVI_4594_aug2.npy,35,67. Monday,augmented_2
data\include50\augmented_train\MVI_4594_aug3.npy,35,67. Monday,augmented_3
data\include50\sequences\Home\34. Pen\MVI_9034.npy,12,34. Pen,original
data\include50\augmented_train\MVI_9034_aug1.npy,12,34. Pen,augmented_1
data\include50\augmented_train\MVI_9034_aug2.npy,12,34. Pen,augmented_2
data\include50\augmented_train\MVI_9034_aug3.npy,12,34. Pen,augmented_3
data\include50\sequences\Jobs\91. Priest\MVI_4489.npy,46,91. Priest,original
data\include50\augmented_train\MVI_4489_aug1.npy,46,91. Priest,augmented_1
data\include50\augmented_train\MVI_4489_aug2.npy,46,91. Priest,augmented_2
data\include50\augmented_train\MVI_4489_aug3.npy,46,91. Priest,augmented_3
data\include50\sequences\Pronouns\40. I\MVI_9879.npy,16,40. I,original
data\include50\augmented_train\MVI_9879_aug1.npy,16,40. I,augmented_1
data\include50\augmented_train\MVI_9879_aug2.npy,16,40. I,augmented_2
data\include50\augmented_train\MVI_9879_aug3.npy,16,40. I,augmented_3
data\include50\sequences\Clothes\42. T-Shirt\MVI_3850.npy,18,42. T-Shirt,original
data\include50\augmented_train\MVI_3850_aug1.npy,18,42. T-Shirt,augmented_1
data\include50\augmented_train\MVI_3850_aug2.npy,18,42. T-Shirt,augmented_2
data\include50\augmented_train\MVI_3850_aug3.npy,18,42. T-Shirt,augmented_3
data\include50\sequences\Places\19. House\MVI_3437.npy,5,19. House,original
data\include50\augmented_train\MVI_3437_aug1.npy,5,19. House,augmented_1
data\include50\augmented_train\MVI_3437_aug2.npy,5,19. House,augmented_2
data\include50\augmented_train\MVI_3437_aug3.npy,5,19. House,augmented_3
data\include50\sequences\Animals\4. Bird\MVI_3070.npy,15,4. Bird,original
data\include50\augmented_train\MVI_3070_aug1.npy,15,4. Bird,augmented_1
data\include50\augmented_train\MVI_3070_aug2.npy,15,4. Bird,augmented_2
data\include50\augmented_train\MVI_3070_aug3.npy,15,4. Bird,augmented_3
data\include50\sequences\Adjectives\91. new\MVI_5307.npy,47,91. new,original
data\include50\augmented_train\MVI_5307_aug1.npy,47,91. new,augmented_1
data\include50\augmented_train\MVI_5307_aug2.npy,47,91. new,augmented_2
data\include50\augmented_train\MVI_5307_aug3.npy,47,91. new,augmented_3
data\include50\sequences\Places\19. House\MVI_3594.npy,5,19. House,original
data\include50\augmented_train\MVI_3594_aug1.npy,5,19. House,augmented_1
data\include50\augmented_train\MVI_3594_aug2.npy,5,19. House,augmented_2
data\include50\augmented_train\MVI_3594_aug3.npy,5,19. House,augmented_3
data\include50\sequences\Electronics\53. Fan\MVI_9097.npy,26,53. Fan,original
data\include50\augmented_train\MVI_9097_aug1.npy,26,53. Fan,augmented_1
data\include50\augmented_train\MVI_9097_aug2.npy,26,53. Fan,augmented_2
data\include50\augmented_train\MVI_9097_aug3.npy,26,53. Fan,augmented_3
data\include50\sequences\Adjectives\94. good\MVI_5160.npy,48,94. good,original
data\include50\augmented_train\MVI_5160_aug1.npy,48,94. good,augmented_1
data\include50\augmented_train\MVI_5160_aug2.npy,48,94. good,augmented_2
data\include50\augmented_train\MVI_5160_aug3.npy,48,94. good,augmented_3
data\include50\sequences\Jobs\84. Teacher\MVI_8864.npy,42,84. Teacher,original
data\include50\augmented_train\MVI_8864_aug1.npy,42,84. Teacher,augmented_1
data\include50\augmented_train\MVI_8864_aug2.npy,42,84. Teacher,augmented_2
data\include50\augmented_train\MVI_8864_aug3.npy,42,84. Teacher,augmented_3
data\include50\sequences\People\66. Brother\MVI_3927.npy,34,66. Brother,original
data\include50\augmented_train\MVI_3927_aug1.npy,34,66. Brother,augmented_1
data\include50\augmented_train\MVI_3927_aug2.npy,34,66. Brother,augmented_2
data\include50\augmented_train\MVI_3927_aug3.npy,34,66. Brother,augmented_3
data\include50\sequences\Adjectives\79. short\MVI_9220.npy,40,79. short,original
data\include50\augmented_train\MVI_9220_aug1.npy,40,79. short,augmented_1
data\include50\augmented_train\MVI_9220_aug2.npy,40,79. short,augmented_2
data\include50\augmented_train\MVI_9220_aug3.npy,40,79. short,augmented_3
data\include50\sequences\Electronics\53. Fan\MVI_4532.npy,26,53. Fan,original
data\include50\augmented_train\MVI_4532_aug1.npy,26,53. Fan,augmented_1
data\include50\augmented_train\MVI_4532_aug2.npy,26,53. Fan,augmented_2
data\include50\augmented_train\MVI_4532_aug3.npy,26,53. Fan,augmented_3
data\include50\sequences\Animals\5. Cow\MVI_3047.npy,24,5. Cow,original
data\include50\augmented_train\MVI_3047_aug1.npy,24,5. Cow,augmented_1
data\include50\augmented_train\MVI_3047_aug2.npy,24,5. Cow,augmented_2
data\include50\augmented_train\MVI_3047_aug3.npy,24,5. Cow,augmented_3
data\include50\sequences\Adjectives\97. dry\MVI_5249.npy,49,97. dry,original
data\include50\augmented_train\MVI_5249_aug1.npy,49,97. dry,augmented_1
data\include50\augmented_train\MVI_5249_aug2.npy,49,97. dry,augmented_2
data\include50\augmented_train\MVI_5249_aug3.npy,49,97. dry,augmented_3
data\include50\sequences\Pronouns\46. you (plural)\MVI_9976.npy,21,46. you (plural),original
data\include50\augmented_train\MVI_9976_aug1.npy,21,46. you (plural),augmented_1
data\include50\augmented_train\MVI_9976_aug2.npy,21,46. you (plural),augmented_2
data\include50\augmented_train\MVI_9976_aug3.npy,21,46. you (plural),augmented_3
data\include50\sequences\Pronouns\44. it\MVI_9900.npy,20,44. it,original
data\include50\augmented_train\MVI_9900_aug1.npy,20,44. it,augmented_1
data\include50\augmented_train\MVI_9900_aug2.npy,20,44. it,augmented_2
data\include50\augmented_train\MVI_9900_aug3.npy,20,44. it,augmented_3
data\include50\sequences\Adjectives\94. good\MVI_9268.npy,48,94. good,original
data\include50\augmented_train\MVI_9268_aug1.npy,48,94. good,augmented_1
data\include50\augmented_train\MVI_9268_aug2.npy,48,94. good,augmented_2
data\include50\augmented_train\MVI_9268_aug3.npy,48,94. good,augmented_3
data\include50\sequences\Electronics\54. Cell phone\MVI_4538.npy,28,54. Cell phone,original
data\include50\augmented_train\MVI_4538_aug1.npy,28,54. Cell phone,augmented_1
data\include50\augmented_train\MVI_4538_aug2.npy,28,54. Cell phone,augmented_2
data\include50\augmented_train\MVI_4538_aug3.npy,28,54. Cell phone,augmented_3
data\include50\sequences\Adjectives\2. quiet\MVI_9372.npy,7,2. quiet,original
data\include50\augmented_train\MVI_9372_aug1.npy,7,2. quiet,augmented_1
data\include50\augmented_train\MVI_9372_aug2.npy,7,2. quiet,augmented_2
data\include50\augmented_train\MVI_9372_aug3.npy,7,2. quiet,augmented_3
data\include50\sequences\Places\19. House\MVI_3438.npy,5,19. House,original
data\include50\augmented_train\MVI_3438_aug1.npy,5,19. House,augmented_1
data\include50\augmented_train\MVI_3438_aug2.npy,5,19. House,augmented_2
data\include50\augmented_train\MVI_3438_aug3.npy,5,19. House,augmented_3
data\include50\sequences\Means_of_Transportation\16. train ticket\MVI_3255.npy,4,16. train ticket,original
data\include50\augmented_train\MVI_3255_aug1.npy,4,16. train ticket,augmented_1
data\include50\augmented_train\MVI_3255_aug2.npy,4,16. train ticket,augmented_2
data\include50\augmented_train\MVI_3255_aug3.npy,4,16. train ticket,augmented_3
data\include50\sequences\Days_and_Time\67. Monday\MVI_5011.npy,35,67. Monday,original
data\include50\augmented_train\MVI_5011_aug1.npy,35,67. Monday,augmented_1
data\include50\augmented_train\MVI_5011_aug2.npy,35,67. Monday,augmented_2
data\include50\augmented_train\MVI_5011_aug3.npy,35,67. Monday,augmented_3
data\include50\sequences\Seasons\61. Summer\MVI_9122.npy,32,61. Summer,original
data\include50\augmented_train\MVI_9122_aug1.npy,32,61. Summer,augmented_1
data\include50\augmented_train\MVI_9122_aug2.npy,32,61. Summer,augmented_2
data\include50\augmented_train\MVI_9122_aug3.npy,32,61. Summer,augmented_3
data\include50\sequences\Colours\55. White\MVI_4042.npy,30,55. White,original
data\include50\augmented_train\MVI_4042_aug1.npy,30,55. White,augmented_1
data\include50\augmented_train\MVI_4042_aug2.npy,30,55. White,augmented_2
data\include50\augmented_train\MVI_4042_aug3.npy,30,55. White,augmented_3
data\include50\sequences\Clothes\42. T-Shirt\MVI_4202.npy,18,42. T-Shirt,original
data\include50\augmented_train\MVI_4202_aug1.npy,18,42. T-Shirt,augmented_1
data\include50\augmented_train\MVI_4202_aug2.npy,18,42. T-Shirt,augmented_2
data\include50\augmented_train\MVI_4202_aug3.npy,18,42. T-Shirt,augmented_3
data\include50\sequences\Means_of_Transportation\11. Car\MVI_3211.npy,2,11. Car,original
data\include50\augmented_train\MVI_3211_aug1.npy,2,11. Car,augmented_1
data\include50\augmented_train\MVI_3211_aug2.npy,2,11. Car,augmented_2
data\include50\augmented_train\MVI_3211_aug3.npy,2,11. Car,augmented_3
data\include50\sequences\Adjectives\3. happy\MVI_5341.npy,11,3. happy,original
data\include50\augmented_train\MVI_5341_aug1.npy,11,3. happy,augmented_1
data\include50\augmented_train\MVI_5341_aug2.npy,11,3. happy,augmented_2
data\include50\augmented_train\MVI_5341_aug3.npy,11,3. happy,augmented_3
data\include50\sequences\Jobs\91. Priest\MVI_4770.npy,46,91. Priest,original
data\include50\augmented_train\MVI_4770_aug1.npy,46,91. Priest,augmented_1
data\include50\augmented_train\MVI_4770_aug2.npy,46,91. Priest,augmented_2
data\include50\augmented_train\MVI_4770_aug3.npy,46,91. Priest,augmented_3
data\include50\sequences\Pronouns\40. I\MVI_9919.npy,16,40. I,original
data\include50\augmented_train\MVI_9919_aug1.npy,16,40. I,augmented_1
data\include50\augmented_train\MVI_9919_aug2.npy,16,40. I,augmented_2
data\include50\augmented_train\MVI_9919_aug3.npy,16,40. I,augmented_3
data\include50\sequences\Pronouns\40. I\MVI_9995.npy,16,40. I,original
data\include50\augmented_train\MVI_9995_aug1.npy,16,40. I,augmented_1
data\include50\augmented_train\MVI_9995_aug2.npy,16,40. I,augmented_2
data\include50\augmented_train\MVI_9995_aug3.npy,16,40. I,augmented_3
data\include50\sequences\Pronouns\46. you (plural)\MVI_9907.npy,21,46. you (plural),original
data\include50\augmented_train\MVI_9907_aug1.npy,21,46. you (plural),augmented_1
data\include50\augmented_train\MVI_9907_aug2.npy,21,46. you (plural),augmented_2
data\include50\augmented_train\MVI_9907_aug3.npy,21,46. you (plural),augmented_3
data\include50\sequences\Days_and_Time\67. Monday\MVI_5446.npy,35,67. Monday,original
data\include50\augmented_train\MVI_5446_aug1.npy,35,67. Monday,augmented_1
data\include50\augmented_train\MVI_5446_aug2.npy,35,67. Monday,augmented_2
data\include50\augmented_train\MVI_5446_aug3.npy,35,67. Monday,augmented_3
data\include50\sequences\Adjectives\3. happy\MVI_9541.npy,11,3. happy,original
data\include50\augmented_train\MVI_9541_aug1.npy,11,3. happy,augmented_1
data\include50\augmented_train\MVI_9541_aug2.npy,11,3. happy,augmented_2
data\include50\augmented_train\MVI_9541_aug3.npy,11,3. happy,augmented_3
data\include50\sequences\Animals\1. Dog\MVI_3029.npy,0,1. Dog,original
data\include50\augmented_train\MVI_3029_aug1.npy,0,1. Dog,augmented_1
data\include50\augmented_train\MVI_3029_aug2.npy,0,1. Dog,augmented_2
data\include50\augmented_train\MVI_3029_aug3.npy,0,1. Dog,augmented_3
data\include50\sequences\Means_of_Transportation\16. train ticket\MVI_8597.npy,4,16. train ticket,original
data\include50\augmented_train\MVI_8597_aug1.npy,4,16. train ticket,augmented_1
data\include50\augmented_train\MVI_8597_aug2.npy,4,16. train ticket,augmented_2
data\include50\augmented_train\MVI_8597_aug3.npy,4,16. train ticket,augmented_3
data\include50\sequences\Days_and_Time\78. Year\MVI_5049.npy,38,78. Year,original
data\include50\augmented_train\MVI_5049_aug1.npy,38,78. Year,augmented_1
data\include50\augmented_train\MVI_5049_aug2.npy,38,78. Year,augmented_2
data\include50\augmented_train\MVI_5049_aug3.npy,38,78. Year,augmented_3
data\include50\sequences\Electronics\54. Cell phone\MVI_5394.npy,28,54. Cell phone,original
data\include50\augmented_train\MVI_5394_aug1.npy,28,54. Cell phone,augmented_1
data\include50\augmented_train\MVI_5394_aug2.npy,28,54. Cell phone,augmented_2
data\include50\augmented_train\MVI_5394_aug3.npy,28,54. Cell phone,augmented_3
data\include50\sequences\Days_and_Time\86. Time\MVI_5527.npy,44,86. Time,original
data\include50\augmented_train\MVI_5527_aug1.npy,44,86. Time,augmented_1
data\include50\augmented_train\MVI_5527_aug2.npy,44,86. Time,augmented_2
data\include50\augmented_train\MVI_5527_aug3.npy,44,86. Time,augmented_3
data\include50\sequences\People\61. Father\MVI_3765.npy,31,61. Father,original
data\include50\augmented_train\MVI_3765_aug1.npy,31,61. Father,augmented_1
data\include50\augmented_train\MVI_3765_aug2.npy,31,61. Father,augmented_2
data\include50\augmented_train\MVI_3765_aug3.npy,31,61. Father,augmented_3
data\include50\sequences\Adjectives\79. short\MVI_9303.npy,40,79. short,original
data\include50\augmented_train\MVI_9303_aug1.npy,40,79. short,augmented_1
data\include50\augmented_train\MVI_9303_aug2.npy,40,79. short,augmented_2
data\include50\augmented_train\MVI_9303_aug3.npy,40,79. short,augmented_3
data\include50\sequences\Adjectives\91. new\MVI_9260.npy,47,91. new,original
data\include50\augmented_train\MVI_9260_aug1.npy,47,91. new,augmented_1
data\include50\augmented_train\MVI_9260_aug2.npy,47,91. new,augmented_2
data\include50\augmented_train\MVI_9260_aug3.npy,47,91. new,augmented_3
data\include50\sequences\Adjectives\94. good\MVI_9351.npy,48,94. good,original
data\include50\augmented_train\MVI_9351_aug1.npy,48,94. good,augmented_1
data\include50\augmented_train\MVI_9351_aug2.npy,48,94. good,augmented_2
data\include50\augmented_train\MVI_9351_aug3.npy,48,94. good,augmented_3
data\include50\sequences\Means_of_Transportation\16. train ticket\MVI_3254.npy,4,16. train ticket,original
data\include50\augmented_train\MVI_3254_aug1.npy,4,16. train ticket,augmented_1
data\include50\augmented_train\MVI_3254_aug2.npy,4,16. train ticket,augmented_2
data\include50\augmented_train\MVI_3254_aug3.npy,4,16. train ticket,augmented_3
data\include50\sequences\Clothes\44. Shoes\MVI_8608.npy,19,44. Shoes,original
data\include50\augmented_train\MVI_8608_aug1.npy,19,44. Shoes,augmented_1
data\include50\augmented_train\MVI_8608_aug2.npy,19,44. Shoes,augmented_2
data\include50\augmented_train\MVI_8608_aug3.npy,19,44. Shoes,augmented_3
data\include50\sequences\Means_of_Transportation\11. Car\MVI_3175.npy,2,11. Car,original
data\include50\augmented_train\MVI_3175_aug1.npy,2,11. Car,augmented_1
data\include50\augmented_train\MVI_3175_aug2.npy,2,11. Car,augmented_2
data\include50\augmented_train\MVI_3175_aug3.npy,2,11. Car,augmented_3
data\include50\sequences\Greetings\51. Good Morning\MVI_0044.npy,25,51. Good Morning,original
data\include50\augmented_train\MVI_0044_aug1.npy,25,51. Good Morning,augmented_1
data\include50\augmented_train\MVI_0044_aug2.npy,25,51. Good Morning,augmented_2
data\include50\augmented_train\MVI_0044_aug3.npy,25,51. Good Morning,augmented_3
data\include50\sequences\Adjectives\94. good\MVI_9511.npy,48,94. good,original
data\include50\augmented_train\MVI_9511_aug1.npy,48,94. good,augmented_1
data\include50\augmented_train\MVI_9511_aug2.npy,48,94. good,augmented_2
data\include50\augmented_train\MVI_9511_aug3.npy,48,94. good,augmented_3
data\include50\sequences\Clothes\37. Hat\MVI_4197.npy,14,37. Hat,original
data\include50\augmented_train\MVI_4197_aug1.npy,14,37. Hat,augmented_1
data\include50\augmented_train\MVI_4197_aug2.npy,14,37. Hat,augmented_2
data\include50\augmented_train\MVI_4197_aug3.npy,14,37. Hat,augmented_3
data\include50\sequences\Adjectives\79. short\MVI_9381.npy,40,79. short,original
data\include50\augmented_train\MVI_9381_aug1.npy,40,79. short,augmented_1
data\include50\augmented_train\MVI_9381_aug2.npy,40,79. short,augmented_2
data\include50\augmented_train\MVI_9381_aug3.npy,40,79. short,augmented_3
data\include50\sequences\Colours\54. Black\MVI_4039.npy,27,54. Black,original
data\include50\augmented_train\MVI_4039_aug1.npy,27,54. Black,augmented_1
data\include50\augmented_train\MVI_4039_aug2.npy,27,54. Black,augmented_2
data\include50\augmented_train\MVI_4039_aug3.npy,27,54. Black,augmented_3
data\include50\sequences\Adjectives\84. small little\MVI_9319.npy,43,84. small little,original
data\include50\augmented_train\MVI_9319_aug1.npy,43,84. small little,augmented_1
data\include50\augmented_train\MVI_9319_aug2.npy,43,84. small little,augmented_2
data\include50\augmented_train\MVI_9319_aug3.npy,43,84. small little,augmented_3
data\include50\sequences\Adjectives\1. loud\MVI_5258.npy,1,1. loud,original
data\include50\augmented_train\MVI_5258_aug1.npy,1,1. loud,augmented_1
data\include50\augmented_train\MVI_5258_aug2.npy,1,1. loud,augmented_2
data\include50\augmented_train\MVI_5258_aug3.npy,1,1. loud,augmented_3
data\include50\sequences\Adjectives\79. short\MVI_5271.npy,40,79. short,original
data\include50\augmented_train\MVI_5271_aug1.npy,40,79. short,augmented_1
data\include50\augmented_train\MVI_5271_aug2.npy,40,79. short,augmented_2
data\include50\augmented_train\MVI_5271_aug3.npy,40,79. short,augmented_3
data\include50\sequences\Animals\5. Cow\MVI_3099.npy,24,5. Cow,original
data\include50\augmented_train\MVI_3099_aug1.npy,24,5. Cow,augmented_1
data\include50\augmented_train\MVI_3099_aug2.npy,24,5. Cow,augmented_2
data\include50\augmented_train\MVI_3099_aug3.npy,24,5. Cow,augmented_3
data\include50\sequences\Society\2. Death\MVI_8930.npy,6,2. Death,original
data\include50\augmented_train\MVI_8930_aug1.npy,6,2. Death,augmented_1
data\include50\augmented_train\MVI_8930_aug2.npy,6,2. Death,augmented_2
data\include50\augmented_train\MVI_8930_aug3.npy,6,2. Death,augmented_3
data\include50\sequences\Animals\1. Dog\MVI_8560.npy,0,1. Dog,original
data\include50\augmented_train\MVI_8560_aug1.npy,0,1. Dog,augmented_1
data\include50\augmented_train\MVI_8560_aug2.npy,0,1. Dog,augmented_2
data\include50\augmented_train\MVI_8560_aug3.npy,0,1. Dog,augmented_3
data\include50\sequences\Pronouns\44. it\MVI_9937.npy,20,44. it,original
data\include50\augmented_train\MVI_9937_aug1.npy,20,44. it,augmented_1
data\include50\augmented_train\MVI_9937_aug2.npy,20,44. it,augmented_2
data\include50\augmented_train\MVI_9937_aug3.npy,20,44. it,augmented_3
data\include50\sequences\People\78. Girl\MVI_3965.npy,37,78. Girl,original
data\include50\augmented_train\MVI_3965_aug1.npy,37,78. Girl,augmented_1
data\include50\augmented_train\MVI_3965_aug2.npy,37,78. Girl,augmented_2
data\include50\augmented_train\MVI_3965_aug3.npy,37,78. Girl,augmented_3
data\include50\sequences\Adjectives\3. happy\MVI_9540.npy,11,3. happy,original
data\include50\augmented_train\MVI_9540_aug1.npy,11,3. happy,augmented_1
data\include50\augmented_train\MVI_9540_aug2.npy,11,3. happy,augmented_2
data\include50\augmented_train\MVI_9540_aug3.npy,11,3. happy,augmented_3
data\include50\sequences\People\78. Girl\MVI_5289.npy,37,78. Girl,original
data\include50\augmented_train\MVI_5289_aug1.npy,37,78. Girl,augmented_1
data\include50\augmented_train\MVI_5289_aug2.npy,37,78. Girl,augmented_2
data\include50\augmented_train\MVI_5289_aug3.npy,37,78. Girl,augmented_3
data\include50\sequences\Jobs\84. Teacher\MVI_4746.npy,42,84. Teacher,original
data\include50\augmented_train\MVI_4746_aug1.npy,42,84. Teacher,augmented_1
data\include50\augmented_train\MVI_4746_aug2.npy,42,84. Teacher,augmented_2
data\include50\augmented_train\MVI_4746_aug3.npy,42,84. Teacher,augmented_3
data\include50\sequences\Clothes\37. Hat\MVI_3688.npy,14,37. Hat,original
data\include50\augmented_train\MVI_3688_aug1.npy,14,37. Hat,augmented_1
data\include50\augmented_train\MVI_3688_aug2.npy,14,37. Hat,augmented_2
data\include50\augmented_train\MVI_3688_aug3.npy,14,37. Hat,augmented_3
data\include50\sequences\Colours\55. White\MVI_3743.npy,30,55. White,original
data\include50\augmented_train\MVI_3743_aug1.npy,30,55. White,augmented_1
data\include50\augmented_train\MVI_3743_aug2.npy,30,55. White,augmented_2
data\include50\augmented_train\MVI_3743_aug3.npy,30,55. White,augmented_3
data\include50\sequences\Clothes\44. Shoes\MVI_5029.npy,19,44. Shoes,original
data\include50\augmented_train\MVI_5029_aug1.npy,19,44. Shoes,augmented_1
data\include50\augmented_train\MVI_5029_aug2.npy,19,44. Shoes,augmented_2
data\include50\augmented_train\MVI_5029_aug3.npy,19,44. Shoes,augmented_3
data\include50\sequences\Adjectives\87. hot\MVI_9488.npy,45,87. hot,original
data\include50\augmented_train\MVI_9488_aug1.npy,45,87. hot,augmented_1
data\include50\augmented_train\MVI_9488_aug2.npy,45,87. hot,augmented_2
data\include50\augmented_train\MVI_9488_aug3.npy,45,87. hot,augmented_3
data\include50\sequences\Clothes\37. Hat\MVI_3985.npy,14,37. Hat,original
data\include50\augmented_train\MVI_3985_aug1.npy,14,37. Hat,augmented_1
data\include50\augmented_train\MVI_3985_aug2.npy,14,37. Hat,augmented_2
data\include50\augmented_train\MVI_3985_aug3.npy,14,37. Hat,augmented_3
data\include50\sequences\Days_and_Time\67. Monday\MVI_4592.npy,35,67. Monday,original
data\include50\augmented_train\MVI_4592_aug1.npy,35,67. Monday,augmented_1
data\include50\augmented_train\MVI_4592_aug2.npy,35,67. Monday,augmented_2
data\include50\augmented_train\MVI_4592_aug3.npy,35,67. Monday,augmented_3
data\include50\sequences\Days_and_Time\78. Year\MVI_9176.npy,38,78. Year,original
data\include50\augmented_train\MVI_9176_aug1.npy,38,78. Year,augmented_1
data\include50\augmented_train\MVI_9176_aug2.npy,38,78. Year,augmented_2
data\include50\augmented_train\MVI_9176_aug3.npy,38,78. Year,augmented_3
data\include50\sequences\Adjectives\78. long\MVI_9377.npy,39,78. long,original
data\include50\augmented_train\MVI_9377_aug1.npy,39,78. long,augmented_1
data\include50\augmented_train\MVI_9377_aug2.npy,39,78. long,augmented_2
data\include50\augmented_train\MVI_9377_aug3.npy,39,78. long,augmented_3
data\include50\sequences\Days_and_Time\78. Year\MVI_9177.npy,38,78. Year,original
data\include50\augmented_train\MVI_9177_aug1.npy,38,78. Year,augmented_1
data\include50\augmented_train\MVI_9177_aug2.npy,38,78. Year,augmented_2
data\include50\augmented_train\MVI_9177_aug3.npy,38,78. Year,augmented_3
data\include50\sequences\Pronouns\46. you (plural)\MVI_0022.npy,21,46. you (plural),original
data\include50\augmented_train\MVI_0022_aug1.npy,21,46. you (plural),augmented_1
data\include50\augmented_train\MVI_0022_aug2.npy,21,46. you (plural),augmented_2
data\include50\augmented_train\MVI_0022_aug3.npy,21,46. you (plural),augmented_3
data\include50\sequences\Greetings\48. Hello\MVI_9957.npy,23,48. Hello,original
data\include50\augmented_train\MVI_9957_aug1.npy,23,48. Hello,augmented_1
data\include50\augmented_train\MVI_9957_aug2.npy,23,48. Hello,augmented_2
data\include50\augmented_train\MVI_9957_aug3.npy,23,48. Hello,augmented_3
data\include50\sequences\People\66. Brother\MVI_5244.npy,34,66. Brother,original
data\include50\augmented_train\MVI_5244_aug1.npy,34,66. Brother,augmented_1
data\include50\augmented_train\MVI_5244_aug2.npy,34,66. Brother,augmented_2
data\include50\augmented_train\MVI_5244_aug3.npy,34,66. Brother,augmented_3
data\include50\sequences\Jobs\91. Priest\MVI_4488.npy,46,91. Priest,original
data\include50\augmented_train\MVI_4488_aug1.npy,46,91. Priest,augmented_1
data\include50\augmented_train\MVI_4488_aug2.npy,46,91. Priest,augmented_2
data\include50\augmented_train\MVI_4488_aug3.npy,46,91. Priest,augmented_3
data\include50\sequences\Greetings\51. Good Morning\MVI_9968.npy,25,51. Good Morning,original
data\include50\augmented_train\MVI_9968_aug1.npy,25,51. Good Morning,augmented_1
data\include50\augmented_train\MVI_9968_aug2.npy,25,51. Good Morning,augmented_2
data\include50\augmented_train\MVI_9968_aug3.npy,25,51. Good Morning,augmented_3
data\include50\sequences\Adjectives\87. hot\MVI_9248.npy,45,87. hot,original
data\include50\augmented_train\MVI_9248_aug1.npy,45,87. hot,augmented_1
data\include50\augmented_train\MVI_9248_aug2.npy,45,87. hot,augmented_2
data\include50\augmented_train\MVI_9248_aug3.npy,45,87. hot,augmented_3
data\include50\sequences\Animals\1. Dog\MVI_3087.npy,0,1. Dog,original
data\include50\augmented_train\MVI_3087_aug1.npy,0,1. Dog,augmented_1
data\include50\augmented_train\MVI_3087_aug2.npy,0,1. Dog,augmented_2
data\include50\augmented_train\MVI_3087_aug3.npy,0,1. Dog,augmented_3
data\include50\sequences\Society\14. Election\MVI_8968.npy,3,14. Election,original
data\include50\augmented_train\MVI_8968_aug1.npy,3,14. Election,augmented_1
data\include50\augmented_train\MVI_8968_aug2.npy,3,14. Election,augmented_2
data\include50\augmented_train\MVI_8968_aug3.npy,3,14. Election,augmented_3
data\include50\sequences\Adjectives\94. good\MVI_9512.npy,48,94. good,original
data\include50\augmented_train\MVI_9512_aug1.npy,48,94. good,augmented_1
data\include50\augmented_train\MVI_9512_aug2.npy,48,94. good,augmented_2
data\include50\augmented_train\MVI_9512_aug3.npy,48,94. good,augmented_3
data\include50\sequences\People\77. Boy\MVI_4111.npy,36,77. Boy,original
data\include50\augmented_train\MVI_4111_aug1.npy,36,77. Boy,augmented_1
data\include50\augmented_train\MVI_4111_aug2.npy,36,77. Boy,augmented_2
data\include50\augmented_train\MVI_4111_aug3.npy,36,77. Boy,augmented_3
data\include50\sequences\Days_and_Time\86. Time\MVI_4668.npy,44,86. Time,original
data\include50\augmented_train\MVI_4668_aug1.npy,44,86. Time,augmented_1
data\include50\augmented_train\MVI_4668_aug2.npy,44,86. Time,augmented_2
data\include50\augmented_train\MVI_4668_aug3.npy,44,86. Time,augmented_3
data\include50\sequences\Days_and_Time\78. Year\MVI_5492.npy,38,78. Year,original
data\include50\augmented_train\MVI_5492_aug1.npy,38,78. Year,augmented_1
data\include50\augmented_train\MVI_5492_aug2.npy,38,78. Year,augmented_2
data\include50\augmented_train\MVI_5492_aug3.npy,38,78. Year,augmented_3
data\include50\sequences\Animals\1. Dog\MVI_3028.npy,0,1. Dog,original
data\include50\augmented_train\MVI_3028_aug1.npy,0,1. Dog,augmented_1
data\include50\augmented_train\MVI_3028_aug2.npy,0,1. Dog,augmented_2
data\include50\augmented_train\MVI_3028_aug3.npy,0,1. Dog,augmented_3
data\include50\sequences\People\66. Brother\MVI_4077.npy,34,66. Brother,original
data\include50\augmented_train\MVI_4077_aug1.npy,34,66. Brother,augmented_1
data\include50\augmented_train\MVI_4077_aug2.npy,34,66. Brother,augmented_2
data\include50\augmented_train\MVI_4077_aug3.npy,34,66. Brother,augmented_3
data\include50\sequences\Animals\4. Bird\MVI_3096.npy,15,4. Bird,original
data\include50\augmented_train\MVI_3096_aug1.npy,15,4. Bird,augmented_1
data\include50\augmented_train\MVI_3096_aug2.npy,15,4. Bird,augmented_2
data\include50\augmented_train\MVI_3096_aug3.npy,15,4. Bird,augmented_3
data\include50\sequences\Places\35. Bank\MVI_3423.npy,13,35. Bank,original
data\include50\augmented_train\MVI_3423_aug1.npy,13,35. Bank,augmented_1
data\include50\augmented_train\MVI_3423_aug2.npy,13,35. Bank,augmented_2
data\include50\augmented_train\MVI_3423_aug3.npy,13,35. Bank,augmented_3
data\include50\sequences\Greetings\55. Thank you\MVI_0007.npy,29,55. Thank you,original
data\include50\augmented_train\MVI_0007_aug1.npy,29,55. Thank you,augmented_1
data\include50\augmented_train\MVI_0007_aug2.npy,29,55. Thank you,augmented_2
data\include50\augmented_train\MVI_0007_aug3.npy,29,55. Thank you,augmented_3
data\include50\sequences\Colours\55. White\MVI_4922.npy,30,55. White,original
data\include50\augmented_train\MVI_4922_aug1.npy,30,55. White,augmented_1
data\include50\augmented_train\MVI_4922_aug2.npy,30,55. White,augmented_2
data\include50\augmented_train\MVI_4922_aug3.npy,30,55. White,augmented_3
data\include50\sequences\Home\34. Pen\MVI_8794.npy,12,34. Pen,original
data\include50\augmented_train\MVI_8794_aug1.npy,12,34. Pen,augmented_1
data\include50\augmented_train\MVI_8794_aug2.npy,12,34. Pen,augmented_2
data\include50\augmented_train\MVI_8794_aug3.npy,12,34. Pen,augmented_3
data\include50\sequences\Places\35. Bank\MVI_3419.npy,13,35. Bank,original
data\include50\augmented_train\MVI_3419_aug1.npy,13,35. Bank,augmented_1
data\include50\augmented_train\MVI_3419_aug2.npy,13,35. Bank,augmented_2
data\include50\augmented_train\MVI_3419_aug3.npy,13,35. Bank,augmented_3
data\include50\sequences\Electronics\54. Cell phone\MVI_9100.npy,28,54. Cell phone,original
data\include50\augmented_train\MVI_9100_aug1.npy,28,54. Cell phone,augmented_1
data\include50\augmented_train\MVI_9100_aug2.npy,28,54. Cell phone,augmented_2
data\include50\augmented_train\MVI_9100_aug3.npy,28,54. Cell phone,augmented_3
data\include50\sequences\Colours\47. Red\MVI_4899.npy,22,47. Red,original
data\include50\augmented_train\MVI_4899_aug1.npy,22,47. Red,augmented_1
data\include50\augmented_train\MVI_4899_aug2.npy,22,47. Red,augmented_2
data\include50\augmented_train\MVI_4899_aug3.npy,22,47. Red,augmented_3
data\include50\sequences\Colours\54. Black\MVI_4215.npy,27,54. Black,original
data\include50\augmented_train\MVI_4215_aug1.npy,27,54. Black,augmented_1
data\include50\augmented_train\MVI_4215_aug2.npy,27,54. Black,augmented_2
data\include50\augmented_train\MVI_4215_aug3.npy,27,54. Black,augmented_3
data\include50\sequences\Adjectives\91. new\MVI_5230.npy,47,91. new,original
data\include50\augmented_train\MVI_5230_aug1.npy,47,91. new,augmented_1
data\include50\augmented_train\MVI_5230_aug2.npy,47,91. new,augmented_2
data\include50\augmented_train\MVI_5230_aug3.npy,47,91. new,augmented_3
data\include50\sequences\Colours\54. Black\MVI_4919.npy,27,54. Black,original
data\include50\augmented_train\MVI_4919_aug1.npy,27,54. Black,augmented_1
data\include50\augmented_train\MVI_4919_aug2.npy,27,54. Black,augmented_2
data\include50\augmented_train\MVI_4919_aug3.npy,27,54. Black,augmented_3
data\include50\sequences\Animals\4. Bird\MVI_3095.npy,15,4. Bird,original
data\include50\augmented_train\MVI_3095_aug1.npy,15,4. Bird,augmented_1
data\include50\augmented_train\MVI_3095_aug2.npy,15,4. Bird,augmented_2
data\include50\augmented_train\MVI_3095_aug3.npy,15,4. Bird,augmented_3
data\include50\sequences\Clothes\42. T-Shirt\MVI_4004.npy,18,42. T-Shirt,original
data\include50\augmented_train\MVI_4004_aug1.npy,18,42. T-Shirt,augmented_1
data\include50\augmented_train\MVI_4004_aug2.npy,18,42. T-Shirt,augmented_2
data\include50\augmented_train\MVI_4004_aug3.npy,18,42. T-Shirt,augmented_3
data\include50\sequences\Means_of_Transportation\16. train ticket\MVI_3164.npy,4,16. train ticket,original
data\include50\augmented_train\MVI_3164_aug1.npy,4,16. train ticket,augmented_1
data\include50\augmented_train\MVI_3164_aug2.npy,4,16. train ticket,augmented_2
data\include50\augmented_train\MVI_3164_aug3.npy,4,16. train ticket,augmented_3
data\include50\sequences\Adjectives\83. big large\MVI_5284.npy,41,83. big large,original
data\include50\augmented_train\MVI_5284_aug1.npy,41,83. big large,augmented_1
data\include50\augmented_train\MVI_5284_aug2.npy,41,83. big large,augmented_2
data\include50\augmented_train\MVI_5284_aug3.npy,41,83. big large,augmented_3
data\include50\sequences\Greetings\55. Thank you\MVI_9986.npy,29,55. Thank you,original
data\include50\augmented_train\MVI_9986_aug1.npy,29,55. Thank you,augmented_1
data\include50\augmented_train\MVI_9986_aug2.npy,29,55. Thank you,augmented_2
data\include50\augmented_train\MVI_9986_aug3.npy,29,55. Thank you,augmented_3
data\include50\sequences\Colours\47. Red\MVI_5037.npy,22,47. Red,original
data\include50\augmented_train\MVI_5037_aug1.npy,22,47. Red,augmented_1
data\include50\augmented_train\MVI_5037_aug2.npy,22,47. Red,augmented_2
data\include50\augmented_train\MVI_5037_aug3.npy,22,47. Red,augmented_3
data\include50\sequences\Electronics\54. Cell phone\MVI_5392.npy,28,54. Cell phone,original
data\include50\augmented_train\MVI_5392_aug1.npy,28,54. Cell phone,augmented_1
data\include50\augmented_train\MVI_5392_aug2.npy,28,54. Cell phone,augmented_2
data\include50\augmented_train\MVI_5392_aug3.npy,28,54. Cell phone,augmented_3
data\include50\sequences\Greetings\51. Good Morning\MVI_9993.npy,25,51. Good Morning,original
data\include50\augmented_train\MVI_9993_aug1.npy,25,51. Good Morning,augmented_1
data\include50\augmented_train\MVI_9993_aug2.npy,25,51. Good Morning,augmented_2
data\include50\augmented_train\MVI_9993_aug3.npy,25,51. Good Morning,augmented_3
data\include50\sequences\Clothes\42. T-Shirt\MVI_5171.npy,18,42. T-Shirt,original
data\include50\augmented_train\MVI_5171_aug1.npy,18,42. T-Shirt,augmented_1
data\include50\augmented_train\MVI_5171_aug2.npy,18,42. T-Shirt,augmented_2
data\include50\augmented_train\MVI_5171_aug3.npy,18,42. T-Shirt,augmented_3
data\include50\sequences\Places\28. Store or Shop\MVI_3634.npy,9,28. Store or Shop,original
data\include50\augmented_train\MVI_3634_aug1.npy,9,28. Store or Shop,augmented_1
data\include50\augmented_train\MVI_3634_aug2.npy,9,28. Store or Shop,augmented_2
data\include50\augmented_train\MVI_3634_aug3.npy,9,28. Store or Shop,augmented_3
data\include50\sequences\Adjectives\1. loud\MVI_9535.npy,1,1. loud,original
data\include50\augmented_train\MVI_9535_aug1.npy,1,1. loud,augmented_1
data\include50\augmented_train\MVI_9535_aug2.npy,1,1. loud,augmented_2
data\include50\augmented_train\MVI_9535_aug3.npy,1,1. loud,augmented_3
data\include50\sequences\Clothes\42. T-Shirt\MVI_8606.npy,18,42. T-Shirt,original
data\include50\augmented_train\MVI_8606_aug1.npy,18,42. T-Shirt,augmented_1
data\include50\augmented_train\MVI_8606_aug2.npy,18,42. T-Shirt,augmented_2
data\include50\augmented_train\MVI_8606_aug3.npy,18,42. T-Shirt,augmented_3
data\include50\sequences\Adjectives\78. long\MVI_9218.npy,39,78. long,original
data\include50\augmented_train\MVI_9218_aug1.npy,39,78. long,augmented_1
data\include50\augmented_train\MVI_9218_aug2.npy,39,78. long,augmented_2
data\include50\augmented_train\MVI_9218_aug3.npy,39,78. long,augmented_3
data\include50\sequences\Places\19. House\MVI_3349.npy,5,19. House,original
data\include50\augmented_train\MVI_3349_aug1.npy,5,19. House,augmented_1
data\include50\augmented_train\MVI_3349_aug2.npy,5,19. House,augmented_2
data\include50\augmented_train\MVI_3349_aug3.npy,5,19. House,augmented_3
data\include50\sequences\Adjectives\78. long\MVI_9459.npy,39,78. long,original
data\include50\augmented_train\MVI_9459_aug1.npy,39,78. long,augmented_1
data\include50\augmented_train\MVI_9459_aug2.npy,39,78. long,augmented_2
data\include50\augmented_train\MVI_9459_aug3.npy,39,78. long,augmented_3
data\include50\sequences\People\78. Girl\MVI_4986.npy,37,78. Girl,original
data\include50\augmented_train\MVI_4986_aug1.npy,37,78. Girl,augmented_1
data\include50\augmented_train\MVI_4986_aug2.npy,37,78. Girl,augmented_2
data\include50\augmented_train\MVI_4986_aug3.npy,37,78. Girl,augmented_3
data\include50\sequences\Adjectives\2. quiet\MVI_9453.npy,7,2. quiet,original
data\include50\augmented_train\MVI_9453_aug1.npy,7,2. quiet,augmented_1
data\include50\augmented_train\MVI_9453_aug2.npy,7,2. quiet,augmented_2
data\include50\augmented_train\MVI_9453_aug3.npy,7,2. quiet,augmented_3
data\include50\sequences\Pronouns\44. it\MVI_0076.npy,20,44. it,original
data\include50\augmented_train\MVI_0076_aug1.npy,20,44. it,augmented_1
data\include50\augmented_train\MVI_0076_aug2.npy,20,44. it,augmented_2
data\include50\augmented_train\MVI_0076_aug3.npy,20,44. it,augmented_3
data\include50\sequences\Places\23. Court\MVI_3609.npy,8,23. Court,original
data\include50\augmented_train\MVI_3609_aug1.npy,8,23. Court,augmented_1
data\include50\augmented_train\MVI_3609_aug2.npy,8,23. Court,augmented_2
data\include50\augmented_train\MVI_3609_aug3.npy,8,23. Court,augmented_3
data\include50\sequences\Home\28. Window\MVI_4882.npy,10,28. Window,original
data\include50\augmented_train\MVI_4882_aug1.npy,10,28. Window,augmented_1
data\include50\augmented_train\MVI_4882_aug2.npy,10,28. Window,augmented_2
data\include50\augmented_train\MVI_4882_aug3.npy,10,28. Window,augmented_3
data\include50\sequences\Jobs\91. Priest\MVI_4772.npy,46,91. Priest,original
data\include50\augmented_train\MVI_4772_aug1.npy,46,91. Priest,augmented_1
data\include50\augmented_train\MVI_4772_aug2.npy,46,91. Priest,augmented_2
data\include50\augmented_train\MVI_4772_aug3.npy,46,91. Priest,augmented_3
data\include50\sequences\Adjectives\1. loud\MVI_9291.npy,1,1. loud,original
data\include50\augmented_train\MVI_9291_aug1.npy,1,1. loud,augmented_1
data\include50\augmented_train\MVI_9291_aug2.npy,1,1. loud,augmented_2
data\include50\augmented_train\MVI_9291_aug3.npy,1,1. loud,augmented_3
data\include50\sequences\Adjectives\91. new\MVI_5151.npy,47,91. new,original
data\include50\augmented_train\MVI_5151_aug1.npy,47,91. new,augmented_1
data\include50\augmented_train\MVI_5151_aug2.npy,47,91. new,augmented_2
data\include50\augmented_train\MVI_5151_aug3.npy,47,91. new,augmented_3
data\include50\sequences\Pronouns\44. it\MVI_9939.npy,20,44. it,original
data\include50\augmented_train\MVI_9939_aug1.npy,20,44. it,augmented_1
data\include50\augmented_train\MVI_9939_aug2.npy,20,44. it,augmented_2
data\include50\augmented_train\MVI_9939_aug3.npy,20,44. it,augmented_3
data\include50\sequences\Pronouns\44. it\MVI_0077.npy,20,44. it,original
data\include50\augmented_train\MVI_0077_aug1.npy,20,44. it,augmented_1
data\include50\augmented_train\MVI_0077_aug2.npy,20,44. it,augmented_2
data\include50\augmented_train\MVI_0077_aug3.npy,20,44. it,augmented_3
data\include50\sequences\Pronouns\40. I\MVI_0003.npy,16,40. I,original
data\include50\augmented_train\MVI_0003_aug1.npy,16,40. I,augmented_1
data\include50\augmented_train\MVI_0003_aug2.npy,16,40. I,augmented_2
data\include50\augmented_train\MVI_0003_aug3.npy,16,40. I,augmented_3
data\include50\sequences\Adjectives\87. hot\MVI_9410.npy,45,87. hot,original
data\include50\augmented_train\MVI_9410_aug1.npy,45,87. hot,augmented_1
data\include50\augmented_train\MVI_9410_aug2.npy,45,87. hot,augmented_2
data\include50\augmented_train\MVI_9410_aug3.npy,45,87. hot,augmented_3
data\include50\sequences\Animals\5. Cow\MVI_2992.npy,24,5. Cow,original
data\include50\augmented_train\MVI_2992_aug1.npy,24,5. Cow,augmented_1
data\include50\augmented_train\MVI_2992_aug2.npy,24,5. Cow,augmented_2
data\include50\augmented_train\MVI_2992_aug3.npy,24,5. Cow,augmented_3
data\include50\sequences\Places\19. House\MVI_3267.npy,5,19. House,original
data\include50\augmented_train\MVI_3267_aug1.npy,5,19. House,augmented_1
data\include50\augmented_train\MVI_3267_aug2.npy,5,19. House,augmented_2
data\include50\augmented_train\MVI_3267_aug3.npy,5,19. House,augmented_3
data\include50\sequences\Home\40. Paint\MVI_8819.npy,17,40. Paint,original
data\include50\augmented_train\MVI_8819_aug1.npy,17,40. Paint,augmented_1
data\include50\augmented_train\MVI_8819_aug2.npy,17,40. Paint,augmented_2
data\include50\augmented_train\MVI_8819_aug3.npy,17,40. Paint,augmented_3
data\include50\sequences\Greetings\51. Good Morning\MVI_9971.npy,25,51. Good Morning,original
data\include50\augmented_train\MVI_9971_aug1.npy,25,51. Good Morning,augmented_1
data\include50\augmented_train\MVI_9971_aug2.npy,25,51. Good Morning,augmented_2
data\include50\augmented_train\MVI_9971_aug3.npy,25,51. Good Morning,augmented_3
data\include50\sequences\Home\28. Window\MVI_4363.npy,10,28. Window,original
data\include50\augmented_train\MVI_4363_aug1.npy,10,28. Window,augmented_1
data\include50\augmented_train\MVI_4363_aug2.npy,10,28. Window,augmented_2
data\include50\augmented_train\MVI_4363_aug3.npy,10,28. Window,augmented_3
data\include50\sequences\Adjectives\84. small little\MVI_9321.npy,43,84. small little,original
data\include50\augmented_train\MVI_9321_aug1.npy,43,84. small little,augmented_1
data\include50\augmented_train\MVI_9321_aug2.npy,43,84. small little,augmented_2
data\include50\augmented_train\MVI_9321_aug3.npy,43,84. small little,augmented_3
data\include50\sequences\People\61. Father\MVI_5229.npy,31,61. Father,original
data\include50\augmented_train\MVI_5229_aug1.npy,31,61. Father,augmented_1
data\include50\augmented_train\MVI_5229_aug2.npy,31,61. Father,augmented_2
data\include50\augmented_train\MVI_5229_aug3.npy,31,61. Father,augmented_3
data\include50\sequences\Seasons\64. Fall\MVI_9133.npy,33,64. Fall,original
data\include50\augmented_train\MVI_9133_aug1.npy,33,64. Fall,augmented_1
data\include50\augmented_train\MVI_9133_aug2.npy,33,64. Fall,augmented_2
data\include50\augmented_train\MVI_9133_aug3.npy,33,64. Fall,augmented_3
data\include50\sequences\Home\28. Window\MVI_8768.npy,10,28. Window,original
data\include50\augmented_train\MVI_8768_aug1.npy,10,28. Window,augmented_1
data\include50\augmented_train\MVI_8768_aug2.npy,10,28. Window,augmented_2
data\include50\augmented_train\MVI_8768_aug3.npy,10,28. Window,augmented_3
data\include50\sequences\People\78. Girl\MVI_3818.npy,37,78. Girl,original
data\include50\augmented_train\MVI_3818_aug1.npy,37,78. Girl,augmented_1
data\include50\augmented_train\MVI_3818_aug2.npy,37,78. Girl,augmented_2
data\include50\augmented_train\MVI_3818_aug3.npy,37,78. Girl,augmented_3
data\include50\sequences\Colours\55. White\MVI_3891.npy,30,55. White,original
data\include50\augmented_train\MVI_3891_aug1.npy,30,55. White,augmented_1
data\include50\augmented_train\MVI_3891_aug2.npy,30,55. White,augmented_2
data\include50\augmented_train\MVI_3891_aug3.npy,30,55. White,augmented_3
data\include50\sequences\Means_of_Transportation\16. train ticket\MVI_3195.npy,4,16. train ticket,original
data\include50\augmented_train\MVI_3195_aug1.npy,4,16. train ticket,augmented_1
data\include50\augmented_train\MVI_3195_aug2.npy,4,16. train ticket,augmented_2
data\include50\augmented_train\MVI_3195_aug3.npy,4,16. train ticket,augmented_3
data\include50\sequences\Adjectives\79. short\MVI_9461.npy,40,79. short,original
data\include50\augmented_train\MVI_9461_aug1.npy,40,79. short,augmented_1
data\include50\augmented_train\MVI_9461_aug2.npy,40,79. short,augmented_2
data\include50\augmented_train\MVI_9461_aug3.npy,40,79. short,augmented_3
data\include50\sequences\Animals\4. Bird\MVI_4157.npy,15,4. Bird,original
data\include50\augmented_train\MVI_4157_aug1.npy,15,4. Bird,augmented_1
data\include50\augmented_train\MVI_4157_aug2.npy,15,4. Bird,augmented_2
data\include50\augmented_train\MVI_4157_aug3.npy,15,4. Bird,augmented_3
data\include50\sequences\Places\28. Store or Shop\MVI_3475.npy,9,28. Store or Shop,original
data\include50\augmented_train\MVI_3475_aug1.npy,9,28. Store or Shop,augmented_1
data\include50\augmented_train\MVI_3475_aug2.npy,9,28. Store or Shop,augmented_2
data\include50\augmented_train\MVI_3475_aug3.npy,9,28. Store or Shop,augmented_3
data\include50\sequences\Society\2. Death\MVI_4255.npy,6,2. Death,original
data\include50\augmented_train\MVI_4255_aug1.npy,6,2. Death,augmented_1
data\include50\augmented_train\MVI_4255_aug2.npy,6,2. Death,augmented_2
data\include50\augmented_train\MVI_4255_aug3.npy,6,2. Death,augmented_3
data\include50\sequences\Places\23. Court\MVI_3455.npy,8,23. Court,original
data\include50\augmented_train\MVI_3455_aug1.npy,8,23. Court,augmented_1
data\include50\augmented_train\MVI_3455_aug2.npy,8,23. Court,augmented_2
data\include50\augmented_train\MVI_3455_aug3.npy,8,23. Court,augmented_3
data\include50\sequences\Colours\55. White\MVI_3744.npy,30,55. White,original
data\include50\augmented_train\MVI_3744_aug1.npy,30,55. White,augmented_1
data\include50\augmented_train\MVI_3744_aug2.npy,30,55. White,augmented_2
data\include50\augmented_train\MVI_3744_aug3.npy,30,55. White,augmented_3
data\include50\sequences\Pronouns\40. I\MVI_9918.npy,16,40. I,original
data\include50\augmented_train\MVI_9918_aug1.npy,16,40. I,augmented_1
data\include50\augmented_train\MVI_9918_aug2.npy,16,40. I,augmented_2
data\include50\augmented_train\MVI_9918_aug3.npy,16,40. I,augmented_3
data\include50\sequences\Adjectives\79. short\MVI_5110.npy,40,79. short,original
data\include50\augmented_train\MVI_5110_aug1.npy,40,79. short,augmented_1
data\include50\augmented_train\MVI_5110_aug2.npy,40,79. short,augmented_2
data\include50\augmented_train\MVI_5110_aug3.npy,40,79. short,augmented_3
data\include50\sequences\Jobs\91. Priest\MVI_4487.npy,46,91. Priest,original
data\include50\augmented_train\MVI_4487_aug1.npy,46,91. Priest,augmented_1
data\include50\augmented_train\MVI_4487_aug2.npy,46,91. Priest,augmented_2
data\include50\augmented_train\MVI_4487_aug3.npy,46,91. Priest,augmented_3
data\include50\sequences\Places\35. Bank\MVI_3582.npy,13,35. Bank,original
data\include50\augmented_train\MVI_3582_aug1.npy,13,35. Bank,augmented_1
data\include50\augmented_train\MVI_3582_aug2.npy,13,35. Bank,augmented_2
data\include50\augmented_train\MVI_3582_aug3.npy,13,35. Bank,augmented_3
data\include50\sequences\Adjectives\94. good\MVI_5158.npy,48,94. good,original
data\include50\augmented_train\MVI_5158_aug1.npy,48,94. good,augmented_1
data\include50\augmented_train\MVI_5158_aug2.npy,48,94. good,augmented_2
data\include50\augmented_train\MVI_5158_aug3.npy,48,94. good,augmented_3
data\include50\sequences\Adjectives\91. new\MVI_9259.npy,47,91. new,original
data\include50\augmented_train\MVI_9259_aug1.npy,47,91. new,augmented_1
data\include50\augmented_train\MVI_9259_aug2.npy,47,91. new,augmented_2
data\include50\augmented_train\MVI_9259_aug3.npy,47,91. new,augmented_3
data\include50\sequences\Adjectives\78. long\MVI_9379.npy,39,78. long,original
data\include50\augmented_train\MVI_9379_aug1.npy,39,78. long,augmented_1
data\include50\augmented_train\MVI_9379_aug2.npy,39,78. long,augmented_2
data\include50\augmented_train\MVI_9379_aug3.npy,39,78. long,augmented_3
data\include50\sequences\Places\35. Bank\MVI_3337.npy,13,35. Bank,original
data\include50\augmented_train\MVI_3337_aug1.npy,13,35. Bank,augmented_1
data\include50\augmented_train\MVI_3337_aug2.npy,13,35. Bank,augmented_2
data\include50\augmented_train\MVI_3337_aug3.npy,13,35. Bank,augmented_3
data\include50\sequences\Seasons\64. Fall\MVI_4580.npy,33,64. Fall,original
data\include50\augmented_train\MVI_4580_aug1.npy,33,64. Fall,augmented_1
data\include50\augmented_train\MVI_4580_aug2.npy,33,64. Fall,augmented_2
data\include50\augmented_train\MVI_4580_aug3.npy,33,64. Fall,augmented_3
data\include50\sequences\Home\28. Window\MVI_9014.npy,10,28. Window,original
data\include50\augmented_train\MVI_9014_aug1.npy,10,28. Window,augmented_1
data\include50\augmented_train\MVI_9014_aug2.npy,10,28. Window,augmented_2
data\include50\augmented_train\MVI_9014_aug3.npy,10,28. Window,augmented_3
data\include50\sequences\Home\34. Pen\MVI_4390.npy,12,34. Pen,original
data\include50\augmented_train\MVI_4390_aug1.npy,12,34. Pen,augmented_1
data\include50\augmented_train\MVI_4390_aug2.npy,12,34. Pen,augmented_2
data\include50\augmented_train\MVI_4390_aug3.npy,12,34. Pen,augmented_3
data\include50\sequences\Pronouns\44. it\MVI_9971.npy,20,44. it,original
data\include50\augmented_train\MVI_9971_aug1.npy,20,44. it,augmented_1
data\include50\augmented_train\MVI_9971_aug2.npy,20,44. it,augmented_2
data\include50\augmented_train\MVI_9971_aug3.npy,20,44. it,augmented_3
data\include50\sequences\Adjectives\87. hot\MVI_5297.npy,45,87. hot,original
data\include50\augmented_train\MVI_5297_aug1.npy,45,87. hot,augmented_1
data\include50\augmented_train\MVI_5297_aug2.npy,45,87. hot,augmented_2
data\include50\augmented_train\MVI_5297_aug3.npy,45,87. hot,augmented_3
data\include50\sequences\Places\19. House\MVI_3436.npy,5,19. House,original
data\include50\augmented_train\MVI_3436_aug1.npy,5,19. House,augmented_1
data\include50\augmented_train\MVI_3436_aug2.npy,5,19. House,augmented_2
data\include50\augmented_train\MVI_3436_aug3.npy,5,19. House,augmented_3
data\include50\sequences\Society\14. Election\MVI_4840.npy,3,14. Election,original
data\include50\augmented_train\MVI_4840_aug1.npy,3,14. Election,augmented_1
data\include50\augmented_train\MVI_4840_aug2.npy,3,14. Election,augmented_2
data\include50\augmented_train\MVI_4840_aug3.npy,3,14. Election,augmented_3
data\include50\sequences\Society\14. Election\MVI_4306.npy,3,14. Election,original
data\include50\augmented_train\MVI_4306_aug1.npy,3,14. Election,augmented_1
data\include50\augmented_train\MVI_4306_aug2.npy,3,14. Election,augmented_2
data\include50\augmented_train\MVI_4306_aug3.npy,3,14. Election,augmented_3
data\include50\sequences\Places\35. Bank\MVI_3581.npy,13,35. Bank,original
data\include50\augmented_train\MVI_3581_aug1.npy,13,35. Bank,augmented_1
data\include50\augmented_train\MVI_3581_aug2.npy,13,35. Bank,augmented_2
data\include50\augmented_train\MVI_3581_aug3.npy,13,35. Bank,augmented_3
data\include50\sequences\Jobs\84. Teacher\MVI_4458.npy,42,84. Teacher,original
data\include50\augmented_train\MVI_4458_aug1.npy,42,84. Teacher,augmented_1
data\include50\augmented_train\MVI_4458_aug2.npy,42,84. Teacher,augmented_2
data\include50\augmented_train\MVI_4458_aug3.npy,42,84. Teacher,augmented_3
data\include50\sequences\Pronouns\46. you (plural)\MVI_0021.npy,21,46. you (plural),original
data\include50\augmented_train\MVI_0021_aug1.npy,21,46. you (plural),augmented_1
data\include50\augmented_train\MVI_0021_aug2.npy,21,46. you (plural),augmented_2
data\include50\augmented_train\MVI_0021_aug3.npy,21,46. you (plural),augmented_3
data\include50\sequences\Adjectives\83. big large\MVI_9233.npy,41,83. big large,original
data\include50\augmented_train\MVI_9233_aug1.npy,41,83. big large,augmented_1
data\include50\augmented_train\MVI_9233_aug2.npy,41,83. big large,augmented_2
data\include50\augmented_train\MVI_9233_aug3.npy,41,83. big large,augmented_3
data\include50\sequences\Animals\4. Bird\MVI_3037.npy,15,4. Bird,original
data\include50\augmented_train\MVI_3037_aug1.npy,15,4. Bird,augmented_1
data\include50\augmented_train\MVI_3037_aug2.npy,15,4. Bird,augmented_2
data\include50\augmented_train\MVI_3037_aug3.npy,15,4. Bird,augmented_3
data\include50\sequences\Seasons\61. Summer\MVI_4565.npy,32,61. Summer,original
data\include50\augmented_train\MVI_4565_aug1.npy,32,61. Summer,augmented_1
data\include50\augmented_train\MVI_4565_aug2.npy,32,61. Summer,augmented_2
data\include50\augmented_train\MVI_4565_aug3.npy,32,61. Summer,augmented_3
data\include50\sequences\Adjectives\84. small little\MVI_9238.npy,43,84. small little,original
data\include50\augmented_train\MVI_9238_aug1.npy,43,84. small little,augmented_1
data\include50\augmented_train\MVI_9238_aug2.npy,43,84. small little,augmented_2
data\include50\augmented_train\MVI_9238_aug3.npy,43,84. small little,augmented_3
data\include50\sequences\Pronouns\46. you (plural)\MVI_9909.npy,21,46. you (plural),original
data\include50\augmented_train\MVI_9909_aug1.npy,21,46. you (plural),augmented_1
data\include50\augmented_train\MVI_9909_aug2.npy,21,46. you (plural),augmented_2
data\include50\augmented_train\MVI_9909_aug3.npy,21,46. you (plural),augmented_3
data\include50\sequences\Adjectives\84. small little\MVI_5208.npy,43,84. small little,original
data\include50\augmented_train\MVI_5208_aug1.npy,43,84. small little,augmented_1
data\include50\augmented_train\MVI_5208_aug2.npy,43,84. small little,augmented_2
data\include50\augmented_train\MVI_5208_aug3.npy,43,84. small little,augmented_3
data\include50\sequences\People\77. Boy\MVI_4981.npy,36,77. Boy,original
data\include50\augmented_train\MVI_4981_aug1.npy,36,77. Boy,augmented_1
data\include50\augmented_train\MVI_4981_aug2.npy,36,77. Boy,augmented_2
data\include50\augmented_train\MVI_4981_aug3.npy,36,77. Boy,augmented_3
data\include50\sequences\Places\19. House\MVI_3513.npy,5,19. House,original
data\include50\augmented_train\MVI_3513_aug1.npy,5,19. House,augmented_1
data\include50\augmented_train\MVI_3513_aug2.npy,5,19. House,augmented_2
data\include50\augmented_train\MVI_3513_aug3.npy,5,19. House,augmented_3
data\include50\sequences\Seasons\61. Summer\MVI_4567.npy,32,61. Summer,original
data\include50\augmented_train\MVI_4567_aug1.npy,32,61. Summer,augmented_1
data\include50\augmented_train\MVI_4567_aug2.npy,32,61. Summer,augmented_2
data\include50\augmented_train\MVI_4567_aug3.npy,32,61. Summer,augmented_3
data\include50\sequences\Colours\55. White\MVI_3745.npy,30,55. White,original
data\include50\augmented_train\MVI_3745_aug1.npy,30,55. White,augmented_1
data\include50\augmented_train\MVI_3745_aug2.npy,30,55. White,augmented_2
data\include50\augmented_train\MVI_3745_aug3.npy,30,55. White,augmented_3
data\include50\sequences\Days_and_Time\78. Year\MVI_5494.npy,38,78. Year,original
data\include50\augmented_train\MVI_5494_aug1.npy,38,78. Year,augmented_1
data\include50\augmented_train\MVI_5494_aug2.npy,38,78. Year,augmented_2
data\include50\augmented_train\MVI_5494_aug3.npy,38,78. Year,augmented_3
data\include50\sequences\People\77. Boy\MVI_5287.npy,36,77. Boy,original
data\include50\augmented_train\MVI_5287_aug1.npy,36,77. Boy,augmented_1
data\include50\augmented_train\MVI_5287_aug2.npy,36,77. Boy,augmented_2
data\include50\augmented_train\MVI_5287_aug3.npy,36,77. Boy,augmented_3
data\include50\sequences\Means_of_Transportation\16. train ticket\MVI_3196.npy,4,16. train ticket,original
data\include50\augmented_train\MVI_3196_aug1.npy,4,16. train ticket,augmented_1
data\include50\augmented_train\MVI_3196_aug2.npy,4,16. train ticket,augmented_2
data\include50\augmented_train\MVI_3196_aug3.npy,4,16. train ticket,augmented_3
data\include50\sequences\Animals\5. Cow\MVI_3015.npy,24,5. Cow,original
data\include50\augmented_train\MVI_3015_aug1.npy,24,5. Cow,augmented_1
data\include50\augmented_train\MVI_3015_aug2.npy,24,5. Cow,augmented_2
data\include50\augmented_train\MVI_3015_aug3.npy,24,5. Cow,augmented_3
data\include50\sequences\Society\2. Death\MVI_4800.npy,6,2. Death,original
data\include50\augmented_train\MVI_4800_aug1.npy,6,2. Death,augmented_1
data\include50\augmented_train\MVI_4800_aug2.npy,6,2. Death,augmented_2
data\include50\augmented_train\MVI_4800_aug3.npy,6,2. Death,augmented_3
data\include50\sequences\Home\28. Window\MVI_9015.npy,10,28. Window,original
data\include50\augmented_train\MVI_9015_aug1.npy,10,28. Window,augmented_1
data\include50\augmented_train\MVI_9015_aug2.npy,10,28. Window,augmented_2
data\include50\augmented_train\MVI_9015_aug3.npy,10,28. Window,augmented_3
data\include50\sequences\Days_and_Time\78. Year\MVI_9178.npy,38,78. Year,original
data\include50\augmented_train\MVI_9178_aug1.npy,38,78. Year,augmented_1
data\include50\augmented_train\MVI_9178_aug2.npy,38,78. Year,augmented_2
data\include50\augmented_train\MVI_9178_aug3.npy,38,78. Year,augmented_3
data\include50\sequences\Adjectives\87. hot\MVI_9329.npy,45,87. hot,original
data\include50\augmented_train\MVI_9329_aug1.npy,45,87. hot,augmented_1
data\include50\augmented_train\MVI_9329_aug2.npy,45,87. hot,augmented_2
data\include50\augmented_train\MVI_9329_aug3.npy,45,87. hot,augmented_3
data\include50\sequences\Adjectives\2. quiet\MVI_5181.npy,7,2. quiet,original
data\include50\augmented_train\MVI_5181_aug1.npy,7,2. quiet,augmented_1
data\include50\augmented_train\MVI_5181_aug2.npy,7,2. quiet,augmented_2
data\include50\augmented_train\MVI_5181_aug3.npy,7,2. quiet,augmented_3
data\include50\sequences\Home\34. Pen\MVI_4388.npy,12,34. Pen,original
data\include50\augmented_train\MVI_4388_aug1.npy,12,34. Pen,augmented_1
data\include50\augmented_train\MVI_4388_aug2.npy,12,34. Pen,augmented_2
data\include50\augmented_train\MVI_4388_aug3.npy,12,34. Pen,augmented_3
data\include50\sequences\Adjectives\79. short\MVI_9463.npy,40,79. short,original
data\include50\augmented_train\MVI_9463_aug1.npy,40,79. short,augmented_1
data\include50\augmented_train\MVI_9463_aug2.npy,40,79. short,augmented_2
data\include50\augmented_train\MVI_9463_aug3.npy,40,79. short,augmented_3
data\include50\sequences\Adjectives\79. short\MVI_9301.npy,40,79. short,original
data\include50\augmented_train\MVI_9301_aug1.npy,40,79. short,augmented_1
data\include50\augmented_train\MVI_9301_aug2.npy,40,79. short,augmented_2
data\include50\augmented_train\MVI_9301_aug3.npy,40,79. short,augmented_3
data\include50\sequences\Home\34. Pen\MVI_4387.npy,12,34. Pen,original
data\include50\augmented_train\MVI_4387_aug1.npy,12,34. Pen,augmented_1
data\include50\augmented_train\MVI_4387_aug2.npy,12,34. Pen,augmented_2
data\include50\augmented_train\MVI_4387_aug3.npy,12,34. Pen,augmented_3
data\include50\sequences\Clothes\44. Shoes\MVI_4889.npy,19,44. Shoes,original
data\include50\augmented_train\MVI_4889_aug1.npy,19,44. Shoes,augmented_1
data\include50\augmented_train\MVI_4889_aug2.npy,19,44. Shoes,augmented_2
data\include50\augmented_train\MVI_4889_aug3.npy,19,44. Shoes,augmented_3
data\include50\sequences\Seasons\61. Summer\MVI_9123.npy,32,61. Summer,original
data\include50\augmented_train\MVI_9123_aug1.npy,32,61. Summer,augmented_1
data\include50\augmented_train\MVI_9123_aug2.npy,32,61. Summer,augmented_2
data\include50\augmented_train\MVI_9123_aug3.npy,32,61. Summer,augmented_3
data\include50\sequences\Clothes\44. Shoes\MVI_4887.npy,19,44. Shoes,original
data\include50\augmented_train\MVI_4887_aug1.npy,19,44. Shoes,augmented_1
data\include50\augmented_train\MVI_4887_aug2.npy,19,44. Shoes,augmented_2
data\include50\augmented_train\MVI_4887_aug3.npy,19,44. Shoes,augmented_3
data\include50\sequences\Adjectives\78. long\MVI_9458.npy,39,78. long,original
data\include50\augmented_train\MVI_9458_aug1.npy,39,78. long,augmented_1
data\include50\augmented_train\MVI_9458_aug2.npy,39,78. long,augmented_2
data\include50\augmented_train\MVI_9458_aug3.npy,39,78. long,augmented_3
data\include50\sequences\Seasons\61. Summer\MVI_4990.npy,32,61. Summer,original
data\include50\augmented_train\MVI_4990_aug1.npy,32,61. Summer,augmented_1
data\include50\augmented_train\MVI_4990_aug2.npy,32,61. Summer,augmented_2
data\include50\augmented_train\MVI_4990_aug3.npy,32,61. Summer,augmented_3
data\include50\sequences\Animals\5. Cow\MVI_3017.npy,24,5. Cow,original
data\include50\augmented_train\MVI_3017_aug1.npy,24,5. Cow,augmented_1
data\include50\augmented_train\MVI_3017_aug2.npy,24,5. Cow,augmented_2
data\include50\augmented_train\MVI_3017_aug3.npy,24,5. Cow,augmented_3
data\include50\sequences\Adjectives\2. quiet\MVI_5261.npy,7,2. quiet,original
data\include50\augmented_train\MVI_5261_aug1.npy,7,2. quiet,augmented_1
data\include50\augmented_train\MVI_5261_aug2.npy,7,2. quiet,augmented_2
data\include50\augmented_train\MVI_5261_aug3.npy,7,2. quiet,augmented_3
data\include50\sequences\Clothes\37. Hat\MVI_3691.npy,14,37. Hat,original
data\include50\augmented_train\MVI_3691_aug1.npy,14,37. Hat,augmented_1
data\include50\augmented_train\MVI_3691_aug2.npy,14,37. Hat,augmented_2
data\include50\augmented_train\MVI_3691_aug3.npy,14,37. Hat,augmented_3
data\include50\sequences\Adjectives\84. small little\MVI_9479.npy,43,84. small little,original
data\include50\augmented_train\MVI_9479_aug1.npy,43,84. small little,augmented_1
data\include50\augmented_train\MVI_9479_aug2.npy,43,84. small little,augmented_2
data\include50\augmented_train\MVI_9479_aug3.npy,43,84. small little,augmented_3
data\include50\sequences\Places\35. Bank\MVI_3661.npy,13,35. Bank,original
data\include50\augmented_train\MVI_3661_aug1.npy,13,35. Bank,augmented_1
data\include50\augmented_train\MVI_3661_aug2.npy,13,35. Bank,augmented_2
data\include50\augmented_train\MVI_3661_aug3.npy,13,35. Bank,augmented_3
data\include50\sequences\Places\35. Bank\MVI_3421.npy,13,35. Bank,original
data\include50\augmented_train\MVI_3421_aug1.npy,13,35. Bank,augmented_1
data\include50\augmented_train\MVI_3421_aug2.npy,13,35. Bank,augmented_2
data\include50\augmented_train\MVI_3421_aug3.npy,13,35. Bank,augmented_3
data\include50\sequences\Places\23. Court\MVI_3612.npy,8,23. Court,original
data\include50\augmented_train\MVI_3612_aug1.npy,8,23. Court,augmented_1
data\include50\augmented_train\MVI_3612_aug2.npy,8,23. Court,augmented_2
data\include50\augmented_train\MVI_3612_aug3.npy,8,23. Court,augmented_3
data\include50\sequences\Greetings\55. Thank you\MVI_0059.npy,29,55. Thank you,original
data\include50\augmented_train\MVI_0059_aug1.npy,29,55. Thank you,augmented_1
data\include50\augmented_train\MVI_0059_aug2.npy,29,55. Thank you,augmented_2
data\include50\augmented_train\MVI_0059_aug3.npy,29,55. Thank you,augmented_3
data\include50\sequences\Adjectives\91. new\MVI_9340.npy,47,91. new,original
data\include50\augmented_train\MVI_9340_aug1.npy,47,91. new,augmented_1
data\include50\augmented_train\MVI_9340_aug2.npy,47,91. new,augmented_2
data\include50\augmented_train\MVI_9340_aug3.npy,47,91. new,augmented_3
data\include50\sequences\Society\2. Death\MVI_4802.npy,6,2. Death,original
data\include50\augmented_train\MVI_4802_aug1.npy,6,2. Death,augmented_1
data\include50\augmented_train\MVI_4802_aug2.npy,6,2. Death,augmented_2
data\include50\augmented_train\MVI_4802_aug3.npy,6,2. Death,augmented_3
data\include50\sequences\Adjectives\78. long\MVI_5106.npy,39,78. long,original
data\include50\augmented_train\MVI_5106_aug1.npy,39,78. long,augmented_1
data\include50\augmented_train\MVI_5106_aug2.npy,39,78. long,augmented_2
data\include50\augmented_train\MVI_5106_aug3.npy,39,78. long,augmented_3
data\include50\sequences\Colours\47. Red\MVI_4898.npy,22,47. Red,original
data\include50\augmented_train\MVI_4898_aug1.npy,22,47. Red,augmented_1
data\include50\augmented_train\MVI_4898_aug2.npy,22,47. Red,augmented_2
data\include50\augmented_train\MVI_4898_aug3.npy,22,47. Red,augmented_3
data\include50\sequences\Greetings\48. Hello\MVI_9954.npy,23,48. Hello,original
data\include50\augmented_train\MVI_9954_aug1.npy,23,48. Hello,augmented_1
data\include50\augmented_train\MVI_9954_aug2.npy,23,48. Hello,augmented_2
data\include50\augmented_train\MVI_9954_aug3.npy,23,48. Hello,augmented_3
data\include50\sequences\Colours\47. Red\MVI_3868.npy,22,47. Red,original
data\include50\augmented_train\MVI_3868_aug1.npy,22,47. Red,augmented_1
data\include50\augmented_train\MVI_3868_aug2.npy,22,47. Red,augmented_2
data\include50\augmented_train\MVI_3868_aug3.npy,22,47. Red,augmented_3
data\include50\sequences\Pronouns\40. I\MVI_9880.npy,16,40. I,original
data\include50\augmented_train\MVI_9880_aug1.npy,16,40. I,augmented_1
data\include50\augmented_train\MVI_9880_aug2.npy,16,40. I,augmented_2
data\include50\augmented_train\MVI_9880_aug3.npy,16,40. I,augmented_3
data\include50\sequences\Greetings\51. Good Morning\MVI_9991.npy,25,51. Good Morning,original
data\include50\augmented_train\MVI_9991_aug1.npy,25,51. Good Morning,augmented_1
data\include50\augmented_train\MVI_9991_aug2.npy,25,51. Good Morning,augmented_2
data\include50\augmented_train\MVI_9991_aug3.npy,25,51. Good Morning,augmented_3
data\include50\sequences\People\77. Boy\MVI_8644.npy,36,77. Boy,original
data\include50\augmented_train\MVI_8644_aug1.npy,36,77. Boy,augmented_1
data\include50\augmented_train\MVI_8644_aug2.npy,36,77. Boy,augmented_2
data\include50\augmented_train\MVI_8644_aug3.npy,36,77. Boy,augmented_3
data\include50\sequences\Places\35. Bank\MVI_3664.npy,13,35. Bank,original
data\include50\augmented_train\MVI_3664_aug1.npy,13,35. Bank,augmented_1
data\include50\augmented_train\MVI_3664_aug2.npy,13,35. Bank,augmented_2
data\include50\augmented_train\MVI_3664_aug3.npy,13,35. Bank,augmented_3
data\include50\sequences\Adjectives\2. quiet\MVI_9373.npy,7,2. quiet,original
data\include50\augmented_train\MVI_9373_aug1.npy,7,2. quiet,augmented_1
data\include50\augmented_train\MVI_9373_aug2.npy,7,2. quiet,augmented_2
data\include50\augmented_train\MVI_9373_aug3.npy,7,2. quiet,augmented_3
data\include50\sequences\Adjectives\97. dry\MVI_9359.npy,49,97. dry,original
data\include50\augmented_train\MVI_9359_aug1.npy,49,97. dry,augmented_1
data\include50\augmented_train\MVI_9359_aug2.npy,49,97. dry,augmented_2
data\include50\augmented_train\MVI_9359_aug3.npy,49,97. dry,augmented_3
data\include50\sequences\Places\35. Bank\MVI_3502.npy,13,35. Bank,original
data\include50\augmented_train\MVI_3502_aug1.npy,13,35. Bank,augmented_1
data\include50\augmented_train\MVI_3502_aug2.npy,13,35. Bank,augmented_2
data\include50\augmented_train\MVI_3502_aug3.npy,13,35. Bank,augmented_3
data\include50\sequences\Greetings\55. Thank you\MVI_0111.npy,29,55. Thank you,original
data\include50\augmented_train\MVI_0111_aug1.npy,29,55. Thank you,augmented_1
data\include50\augmented_train\MVI_0111_aug2.npy,29,55. Thank you,augmented_2
data\include50\augmented_train\MVI_0111_aug3.npy,29,55. Thank you,augmented_3
data\include50\sequences\Places\23. Court\MVI_3452.npy,8,23. Court,original
data\include50\augmented_train\MVI_3452_aug1.npy,8,23. Court,augmented_1
data\include50\augmented_train\MVI_3452_aug2.npy,8,23. Court,augmented_2
data\include50\augmented_train\MVI_3452_aug3.npy,8,23. Court,augmented_3
data\include50\sequences\Places\28. Store or Shop\MVI_3632.npy,9,28. Store or Shop,original
data\include50\augmented_train\MVI_3632_aug1.npy,9,28. Store or Shop,augmented_1
data\include50\augmented_train\MVI_3632_aug2.npy,9,28. Store or Shop,augmented_2
data\include50\augmented_train\MVI_3632_aug3.npy,9,28. Store or Shop,augmented_3
data\include50\sequences\Adjectives\97. dry\MVI_9523.npy,49,97. dry,original
data\include50\augmented_train\MVI_9523_aug1.npy,49,97. dry,augmented_1
data\include50\augmented_train\MVI_9523_aug2.npy,49,97. dry,augmented_2
data\include50\augmented_train\MVI_9523_aug3.npy,49,97. dry,augmented_3
data\include50\sequences\Society\2. Death\MVI_4256.npy,6,2. Death,original
data\include50\augmented_train\MVI_4256_aug1.npy,6,2. Death,augmented_1
data\include50\augmented_train\MVI_4256_aug2.npy,6,2. Death,augmented_2
data\include50\augmented_train\MVI_4256_aug3.npy,6,2. Death,augmented_3
data\include50\sequences\Animals\5. Cow\MVI_4158.npy,24,5. Cow,original
data\include50\augmented_train\MVI_4158_aug1.npy,24,5. Cow,augmented_1
data\include50\augmented_train\MVI_4158_aug2.npy,24,5. Cow,augmented_2
data\include50\augmented_train\MVI_4158_aug3.npy,24,5. Cow,augmented_3
data\include50\sequences\Colours\55. White\MVI_3892.npy,30,55. White,original
data\include50\augmented_train\MVI_3892_aug1.npy,30,55. White,augmented_1
data\include50\augmented_train\MVI_3892_aug2.npy,30,55. White,augmented_2
data\include50\augmented_train\MVI_3892_aug3.npy,30,55. White,augmented_3
data\include50\sequences\Adjectives\3. happy\MVI_5265.npy,11,3. happy,original
data\include50\augmented_train\MVI_5265_aug1.npy,11,3. happy,augmented_1
data\include50\augmented_train\MVI_5265_aug2.npy,11,3. happy,augmented_2
data\include50\augmented_train\MVI_5265_aug3.npy,11,3. happy,augmented_3
data\include50\sequences\Clothes\44. Shoes\MVI_3856.npy,19,44. Shoes,original
data\include50\augmented_train\MVI_3856_aug1.npy,19,44. Shoes,augmented_1
data\include50\augmented_train\MVI_3856_aug2.npy,19,44. Shoes,augmented_2
data\include50\augmented_train\MVI_3856_aug3.npy,19,44. Shoes,augmented_3
data\include50\sequences\Animals\1. Dog\MVI_3004.npy,0,1. Dog,original
data\include50\augmented_train\MVI_3004_aug1.npy,0,1. Dog,augmented_1
data\include50\augmented_train\MVI_3004_aug2.npy,0,1. Dog,augmented_2
data\include50\augmented_train\MVI_3004_aug3.npy,0,1. Dog,augmented_3
data\include50\sequences\Adjectives\83. big large\MVI_5283.npy,41,83. big large,original
data\include50\augmented_train\MVI_5283_aug1.npy,41,83. big large,augmented_1
data\include50\augmented_train\MVI_5283_aug2.npy,41,83. big large,augmented_2
data\include50\augmented_train\MVI_5283_aug3.npy,41,83. big large,augmented_3
data\include50\sequences\People\61. Father\MVI_8626.npy,31,61. Father,original
data\include50\augmented_train\MVI_8626_aug1.npy,31,61. Father,augmented_1
data\include50\augmented_train\MVI_8626_aug2.npy,31,61. Father,augmented_2
data\include50\augmented_train\MVI_8626_aug3.npy,31,61. Father,augmented_3
data\include50\sequences\Animals\1. Dog\MVI_3003.npy,0,1. Dog,original
data\include50\augmented_train\MVI_3003_aug1.npy,0,1. Dog,augmented_1
data\include50\augmented_train\MVI_3003_aug2.npy,0,1. Dog,augmented_2
data\include50\augmented_train\MVI_3003_aug3.npy,0,1. Dog,augmented_3
data\include50\sequences\Adjectives\84. small little\MVI_5286.npy,43,84. small little,original
data\include50\augmented_train\MVI_5286_aug1.npy,43,84. small little,augmented_1
data\include50\augmented_train\MVI_5286_aug2.npy,43,84. small little,augmented_2
data\include50\augmented_train\MVI_5286_aug3.npy,43,84. small little,augmented_3
data\include50\sequences\People\78. Girl\MVI_8645.npy,37,78. Girl,original
data\include50\augmented_train\MVI_8645_aug1.npy,37,78. Girl,augmented_1
data\include50\augmented_train\MVI_8645_aug2.npy,37,78. Girl,augmented_2
data\include50\augmented_train\MVI_8645_aug3.npy,37,78. Girl,augmented_3
data\include50\sequences\Home\40. Paint\MVI_4928.npy,17,40. Paint,original
data\include50\augmented_train\MVI_4928_aug1.npy,17,40. Paint,augmented_1
data\include50\augmented_train\MVI_4928_aug2.npy,17,40. Paint,augmented_2
data\include50\augmented_train\MVI_4928_aug3.npy,17,40. Paint,augmented_3
data\include50\sequences\Seasons\61. Summer\MVI_9124.npy,32,61. Summer,original
data\include50\augmented_train\MVI_9124_aug1.npy,32,61. Summer,augmented_1
data\include50\augmented_train\MVI_9124_aug2.npy,32,61. Summer,augmented_2
data\include50\augmented_train\MVI_9124_aug3.npy,32,61. Summer,augmented_3
data\include50\sequences\Adjectives\2. quiet\MVI_9538.npy,7,2. quiet,original
data\include50\augmented_train\MVI_9538_aug1.npy,7,2. quiet,augmented_1
data\include50\augmented_train\MVI_9538_aug2.npy,7,2. quiet,augmented_2
data\include50\augmented_train\MVI_9538_aug3.npy,7,2. quiet,augmented_3
data\include50\sequences\Adjectives\79. short\MVI_5112.npy,40,79. short,original
data\include50\augmented_train\MVI_5112_aug1.npy,40,79. short,augmented_1
data\include50\augmented_train\MVI_5112_aug2.npy,40,79. short,augmented_2
data\include50\augmented_train\MVI_5112_aug3.npy,40,79. short,augmented_3
data\include50\sequences\Animals\1. Dog\MVI_8561.npy,0,1. Dog,original
data\include50\augmented_train\MVI_8561_aug1.npy,0,1. Dog,augmented_1
data\include50\augmented_train\MVI_8561_aug2.npy,0,1. Dog,augmented_2
data\include50\augmented_train\MVI_8561_aug3.npy,0,1. Dog,augmented_3
data\include50\sequences\Adjectives\87. hot\MVI_5137.npy,45,87. hot,original
data\include50\augmented_train\MVI_5137_aug1.npy,45,87. hot,augmented_1
data\include50\augmented_train\MVI_5137_aug2.npy,45,87. hot,augmented_2
data\include50\augmented_train\MVI_5137_aug3.npy,45,87. hot,augmented_3
data\include50\sequences\Greetings\55. Thank you\MVI_0008.npy,29,55. Thank you,original
data\include50\augmented_train\MVI_0008_aug1.npy,29,55. Thank you,augmented_1
data\include50\augmented_train\MVI_0008_aug2.npy,29,55. Thank you,augmented_2
data\include50\augmented_train\MVI_0008_aug3.npy,29,55. Thank you,augmented_3
data\include50\sequences\Greetings\48. Hello\MVI_0039.npy,23,48. Hello,original
data\include50\augmented_train\MVI_0039_aug1.npy,23,48. Hello,augmented_1
data\include50\augmented_train\MVI_0039_aug2.npy,23,48. Hello,augmented_2
data\include50\augmented_train\MVI_0039_aug3.npy,23,48. Hello,augmented_3
data\include50\sequences\Greetings\51. Good Morning\MVI_0099.npy,25,51. Good Morning,original
data\include50\augmented_train\MVI_0099_aug1.npy,25,51. Good Morning,augmented_1
data\include50\augmented_train\MVI_0099_aug2.npy,25,51. Good Morning,augmented_2
data\include50\augmented_train\MVI_0099_aug3.npy,25,51. Good Morning,augmented_3
data\include50\sequences\Clothes\42. T-Shirt\MVI_3706.npy,18,42. T-Shirt,original
data\include50\augmented_train\MVI_3706_aug1.npy,18,42. T-Shirt,augmented_1
data\include50\augmented_train\MVI_3706_aug2.npy,18,42. T-Shirt,augmented_2
data\include50\augmented_train\MVI_3706_aug3.npy,18,42. T-Shirt,augmented_3
data\include50\sequences\Pronouns\40. I\MVI_9881.npy,16,40. I,original
data\include50\augmented_train\MVI_9881_aug1.npy,16,40. I,augmented_1
data\include50\augmented_train\MVI_9881_aug2.npy,16,40. I,augmented_2
data\include50\augmented_train\MVI_9881_aug3.npy,16,40. I,augmented_3
data\include50\sequences\Home\40. Paint\MVI_4927.npy,17,40. Paint,original
data\include50\augmented_train\MVI_4927_aug1.npy,17,40. Paint,augmented_1
data\include50\augmented_train\MVI_4927_aug2.npy,17,40. Paint,augmented_2
data\include50\augmented_train\MVI_4927_aug3.npy,17,40. Paint,augmented_3
data\include50\sequences\Adjectives\87. hot\MVI_9247.npy,45,87. hot,original
data\include50\augmented_train\MVI_9247_aug1.npy,45,87. hot,augmented_1
data\include50\augmented_train\MVI_9247_aug2.npy,45,87. hot,augmented_2
data\include50\augmented_train\MVI_9247_aug3.npy,45,87. hot,augmented_3
data\include50\sequences\People\78. Girl\MVI_4985.npy,37,78. Girl,original
data\include50\augmented_train\MVI_4985_aug1.npy,37,78. Girl,augmented_1
data\include50\augmented_train\MVI_4985_aug2.npy,37,78. Girl,augmented_2
data\include50\augmented_train\MVI_4985_aug3.npy,37,78. Girl,augmented_3
data\include50\sequences\Greetings\51. Good Morning\MVI_0047.npy,25,51. Good Morning,original
data\include50\augmented_train\MVI_0047_aug1.npy,25,51. Good Morning,augmented_1
data\include50\augmented_train\MVI_0047_aug2.npy,25,51. Good Morning,augmented_2
data\include50\augmented_train\MVI_0047_aug3.npy,25,51. Good Morning,augmented_3
data\include50\sequences\Adjectives\83. big large\MVI_9394.npy,41,83. big large,original
data\include50\augmented_train\MVI_9394_aug1.npy,41,83. big large,augmented_1
data\include50\augmented_train\MVI_9394_aug2.npy,41,83. big large,augmented_2
data\include50\augmented_train\MVI_9394_aug3.npy,41,83. big large,augmented_3
data\include50\sequences\Electronics\54. Cell phone\MVI_9102.npy,28,54. Cell phone,original
data\include50\augmented_train\MVI_9102_aug1.npy,28,54. Cell phone,augmented_1
data\include50\augmented_train\MVI_9102_aug2.npy,28,54. Cell phone,augmented_2
data\include50\augmented_train\MVI_9102_aug3.npy,28,54. Cell phone,augmented_3
data\include50\sequences\Seasons\64. Fall\MVI_9134.npy,33,64. Fall,original
data\include50\augmented_train\MVI_9134_aug1.npy,33,64. Fall,augmented_1
data\include50\augmented_train\MVI_9134_aug2.npy,33,64. Fall,augmented_2
data\include50\augmented_train\MVI_9134_aug3.npy,33,64. Fall,augmented_3
data\include50\sequences\People\61. Father\MVI_3912.npy,31,61. Father,original
data\include50\augmented_train\MVI_3912_aug1.npy,31,61. Father,augmented_1
data\include50\augmented_train\MVI_3912_aug2.npy,31,61. Father,augmented_2
data\include50\augmented_train\MVI_3912_aug3.npy,31,61. Father,augmented_3
data\include50\sequences\Places\28. Store or Shop\MVI_3309.npy,9,28. Store or Shop,original
data\include50\augmented_train\MVI_3309_aug1.npy,9,28. Store or Shop,augmented_1
data\include50\augmented_train\MVI_3309_aug2.npy,9,28. Store or Shop,augmented_2
data\include50\augmented_train\MVI_3309_aug3.npy,9,28. Store or Shop,augmented_3
data\include50\sequences\Adjectives\2. quiet\MVI_9371.npy,7,2. quiet,original
data\include50\augmented_train\MVI_9371_aug1.npy,7,2. quiet,augmented_1
data\include50\augmented_train\MVI_9371_aug2.npy,7,2. quiet,augmented_2
data\include50\augmented_train\MVI_9371_aug3.npy,7,2. quiet,augmented_3
data\include50\sequences\Greetings\48. Hello\MVI_0037.npy,23,48. Hello,original
data\include50\augmented_train\MVI_0037_aug1.npy,23,48. Hello,augmented_1
data\include50\augmented_train\MVI_0037_aug2.npy,23,48. Hello,augmented_2
data\include50\augmented_train\MVI_0037_aug3.npy,23,48. Hello,augmented_3
data\include50\sequences\Pronouns\44. it\MVI_0015.npy,20,44. it,original
data\include50\augmented_train\MVI_0015_aug1.npy,20,44. it,augmented_1
data\include50\augmented_train\MVI_0015_aug2.npy,20,44. it,augmented_2
data\include50\augmented_train\MVI_0015_aug3.npy,20,44. it,augmented_3
data\include50\sequences\Society\2. Death\MVI_8931.npy,6,2. Death,original
data\include50\augmented_train\MVI_8931_aug1.npy,6,2. Death,augmented_1
data\include50\augmented_train\MVI_8931_aug2.npy,6,2. Death,augmented_2
data\include50\augmented_train\MVI_8931_aug3.npy,6,2. Death,augmented_3
data\include50\sequences\People\61. Father\MVI_5081.npy,31,61. Father,original
data\include50\augmented_train\MVI_5081_aug1.npy,31,61. Father,augmented_1
data\include50\augmented_train\MVI_5081_aug2.npy,31,61. Father,augmented_2
data\include50\augmented_train\MVI_5081_aug3.npy,31,61. Father,augmented_3
data\include50\sequences\Animals\1. Dog\MVI_3059.npy,0,1. Dog,original
data\include50\augmented_train\MVI_3059_aug1.npy,0,1. Dog,augmented_1
data\include50\augmented_train\MVI_3059_aug2.npy,0,1. Dog,augmented_2
data\include50\augmented_train\MVI_3059_aug3.npy,0,1. Dog,augmented_3
data\include50\sequences\Greetings\51. Good Morning\MVI_0043.npy,25,51. Good Morning,original
data\include50\augmented_train\MVI_0043_aug1.npy,25,51. Good Morning,augmented_1
data\include50\augmented_train\MVI_0043_aug2.npy,25,51. Good Morning,augmented_2
data\include50\augmented_train\MVI_0043_aug3.npy,25,51. Good Morning,augmented_3
data\include50\sequences\Adjectives\84. small little\MVI_5206.npy,43,84. small little,original
data\include50\augmented_train\MVI_5206_aug1.npy,43,84. small little,augmented_1
data\include50\augmented_train\MVI_5206_aug2.npy,43,84. small little,augmented_2
data\include50\augmented_train\MVI_5206_aug3.npy,43,84. small little,augmented_3
data\include50\sequences\Society\2. Death\MVI_8662.npy,6,2. Death,original
data\include50\augmented_train\MVI_8662_aug1.npy,6,2. Death,augmented_1
data\include50\augmented_train\MVI_8662_aug2.npy,6,2. Death,augmented_2
data\include50\augmented_train\MVI_8662_aug3.npy,6,2. Death,augmented_3
data\include50\sequences\Jobs\84. Teacher\MVI_4460.npy,42,84. Teacher,original
data\include50\augmented_train\MVI_4460_aug1.npy,42,84. Teacher,augmented_1
data\include50\augmented_train\MVI_4460_aug2.npy,42,84. Teacher,augmented_2
data\include50\augmented_train\MVI_4460_aug3.npy,42,84. Teacher,augmented_3
data\include50\sequences\Clothes\37. Hat\MVI_5154.npy,14,37. Hat,original
data\include50\augmented_train\MVI_5154_aug1.npy,14,37. Hat,augmented_1
data\include50\augmented_train\MVI_5154_aug2.npy,14,37. Hat,augmented_2
data\include50\augmented_train\MVI_5154_aug3.npy,14,37. Hat,augmented_3
data\include50\sequences\Adjectives\83. big large\MVI_9477.npy,41,83. big large,original
data\include50\augmented_train\MVI_9477_aug1.npy,41,83. big large,augmented_1
data\include50\augmented_train\MVI_9477_aug2.npy,41,83. big large,augmented_2
data\include50\augmented_train\MVI_9477_aug3.npy,41,83. big large,augmented_3
data\include50\sequences\Adjectives\84. small little\MVI_5127.npy,43,84. small little,original
data\include50\augmented_train\MVI_5127_aug1.npy,43,84. small little,augmented_1
data\include50\augmented_train\MVI_5127_aug2.npy,43,84. small little,augmented_2
data\include50\augmented_train\MVI_5127_aug3.npy,43,84. small little,augmented_3
data\include50\sequences\Adjectives\87. hot\MVI_5217.npy,45,87. hot,original
data\include50\augmented_train\MVI_5217_aug1.npy,45,87. hot,augmented_1
data\include50\augmented_train\MVI_5217_aug2.npy,45,87. hot,augmented_2
data\include50\augmented_train\MVI_5217_aug3.npy,45,87. hot,augmented_3
data\include50\sequences\Adjectives\87. hot\MVI_5138.npy,45,87. hot,original
data\include50\augmented_train\MVI_5138_aug1.npy,45,87. hot,augmented_1
data\include50\augmented_train\MVI_5138_aug2.npy,45,87. hot,augmented_2
data\include50\augmented_train\MVI_5138_aug3.npy,45,87. hot,augmented_3
data\include50\sequences\Colours\47. Red\MVI_3721.npy,22,47. Red,original
data\include50\augmented_train\MVI_3721_aug1.npy,22,47. Red,augmented_1
data\include50\augmented_train\MVI_3721_aug2.npy,22,47. Red,augmented_2
data\include50\augmented_train\MVI_3721_aug3.npy,22,47. Red,augmented_3
data\include50\sequences\Clothes\37. Hat\MVI_3986.npy,14,37. Hat,original
data\include50\augmented_train\MVI_3986_aug1.npy,14,37. Hat,augmented_1
data\include50\augmented_train\MVI_3986_aug2.npy,14,37. Hat,augmented_2
data\include50\augmented_train\MVI_3986_aug3.npy,14,37. Hat,augmented_3
data\include50\sequences\Places\28. Store or Shop\MVI_3307.npy,9,28. Store or Shop,original
data\include50\augmented_train\MVI_3307_aug1.npy,9,28. Store or Shop,augmented_1
data\include50\augmented_train\MVI_3307_aug2.npy,9,28. Store or Shop,augmented_2
data\include50\augmented_train\MVI_3307_aug3.npy,9,28. Store or Shop,augmented_3
data\include50\sequences\Animals\1. Dog\MVI_3030.npy,0,1. Dog,original
data\include50\augmented_train\MVI_3030_aug1.npy,0,1. Dog,augmented_1
data\include50\augmented_train\MVI_3030_aug2.npy,0,1. Dog,augmented_2
data\include50\augmented_train\MVI_3030_aug3.npy,0,1. Dog,augmented_3
data\include50\sequences\Colours\54. Black\MVI_5058.npy,27,54. Black,original
data\include50\augmented_train\MVI_5058_aug1.npy,27,54. Black,augmented_1
data\include50\augmented_train\MVI_5058_aug2.npy,27,54. Black,augmented_2
data\include50\augmented_train\MVI_5058_aug3.npy,27,54. Black,augmented_3
data\include50\sequences\Electronics\53. Fan\MVI_5388.npy,26,53. Fan,original
data\include50\augmented_train\MVI_5388_aug1.npy,26,53. Fan,augmented_1
data\include50\augmented_train\MVI_5388_aug2.npy,26,53. Fan,augmented_2
data\include50\augmented_train\MVI_5388_aug3.npy,26,53. Fan,augmented_3
data\include50\sequences\Pronouns\40. I\MVI_9878.npy,16,40. I,original
data\include50\augmented_train\MVI_9878_aug1.npy,16,40. I,augmented_1
data\include50\augmented_train\MVI_9878_aug2.npy,16,40. I,augmented_2
data\include50\augmented_train\MVI_9878_aug3.npy,16,40. I,augmented_3
data\include50\sequences\Colours\55. White\MVI_5209.npy,30,55. White,original
data\include50\augmented_train\MVI_5209_aug1.npy,30,55. White,augmented_1
data\include50\augmented_train\MVI_5209_aug2.npy,30,55. White,augmented_2
data\include50\augmented_train\MVI_5209_aug3.npy,30,55. White,augmented_3
data\include50\sequences\Colours\47. Red\MVI_8612.npy,22,47. Red,original
data\include50\augmented_train\MVI_8612_aug1.npy,22,47. Red,augmented_1
data\include50\augmented_train\MVI_8612_aug2.npy,22,47. Red,augmented_2
data\include50\augmented_train\MVI_8612_aug3.npy,22,47. Red,augmented_3
data\include50\sequences\Electronics\53. Fan\MVI_4964.npy,26,53. Fan,original
data\include50\augmented_train\MVI_4964_aug1.npy,26,53. Fan,augmented_1
data\include50\augmented_train\MVI_4964_aug2.npy,26,53. Fan,augmented_2
data\include50\augmented_train\MVI_4964_aug3.npy,26,53. Fan,augmented_3
data\include50\sequences\Pronouns\46. you (plural)\MVI_9975.npy,21,46. you (plural),original
data\include50\augmented_train\MVI_9975_aug1.npy,21,46. you (plural),augmented_1
data\include50\augmented_train\MVI_9975_aug2.npy,21,46. you (plural),augmented_2
data\include50\augmented_train\MVI_9975_aug3.npy,21,46. you (plural),augmented_3
data\include50\sequences\Colours\55. White\MVI_3890.npy,30,55. White,original
data\include50\augmented_train\MVI_3890_aug1.npy,30,55. White,augmented_1
data\include50\augmented_train\MVI_3890_aug2.npy,30,55. White,augmented_2
data\include50\augmented_train\MVI_3890_aug3.npy,30,55. White,augmented_3
data\include50\sequences\Adjectives\1. loud\MVI_5337.npy,1,1. loud,original
data\include50\augmented_train\MVI_5337_aug1.npy,1,1. loud,augmented_1
data\include50\augmented_train\MVI_5337_aug2.npy,1,1. loud,augmented_2
data\include50\augmented_train\MVI_5337_aug3.npy,1,1. loud,augmented_3
data\include50\sequences\Greetings\48. Hello\MVI_9914.npy,23,48. Hello,original
data\include50\augmented_train\MVI_9914_aug1.npy,23,48. Hello,augmented_1
data\include50\augmented_train\MVI_9914_aug2.npy,23,48. Hello,augmented_2
data\include50\augmented_train\MVI_9914_aug3.npy,23,48. Hello,augmented_3
data\include50\sequences\People\78. Girl\MVI_5288.npy,37,78. Girl,original
data\include50\augmented_train\MVI_5288_aug1.npy,37,78. Girl,augmented_1
data\include50\augmented_train\MVI_5288_aug2.npy,37,78. Girl,augmented_2
data\include50\augmented_train\MVI_5288_aug3.npy,37,78. Girl,augmented_3
data\include50\sequences\Adjectives\94. good\MVI_5239.npy,48,94. good,original
data\include50\augmented_train\MVI_5239_aug1.npy,48,94. good,augmented_1
data\include50\augmented_train\MVI_5239_aug2.npy,48,94. good,augmented_2
data\include50\augmented_train\MVI_5239_aug3.npy,48,94. good,augmented_3
data\include50\sequences\Clothes\44. Shoes\MVI_3858.npy,19,44. Shoes,original
data\include50\augmented_train\MVI_3858_aug1.npy,19,44. Shoes,augmented_1
data\include50\augmented_train\MVI_3858_aug2.npy,19,44. Shoes,augmented_2
data\include50\augmented_train\MVI_3858_aug3.npy,19,44. Shoes,augmented_3
data\include50\sequences\Greetings\55. Thank you\MVI_9949.npy,29,55. Thank you,original
data\include50\augmented_train\MVI_9949_aug1.npy,29,55. Thank you,augmented_1
data\include50\augmented_train\MVI_9949_aug2.npy,29,55. Thank you,augmented_2
data\include50\augmented_train\MVI_9949_aug3.npy,29,55. Thank you,augmented_3
data\include50\sequences\Adjectives\78. long\MVI_5186.npy,39,78. long,original
data\include50\augmented_train\MVI_5186_aug1.npy,39,78. long,augmented_1
data\include50\augmented_train\MVI_5186_aug2.npy,39,78. long,augmented_2
data\include50\augmented_train\MVI_5186_aug3.npy,39,78. long,augmented_3
data\include50\sequences\Adjectives\84. small little\MVI_9398.npy,43,84. small little,original
data\include50\augmented_train\MVI_9398_aug1.npy,43,84. small little,augmented_1
data\include50\augmented_train\MVI_9398_aug2.npy,43,84. small little,augmented_2
data\include50\augmented_train\MVI_9398_aug3.npy,43,84. small little,augmented_3
data\include50\sequences\Pronouns\44. it\MVI_9970.npy,20,44. it,original
data\include50\augmented_train\MVI_9970_aug1.npy,20,44. it,augmented_1
data\include50\augmented_train\MVI_9970_aug2.npy,20,44. it,augmented_2
data\include50\augmented_train\MVI_9970_aug3.npy,20,44. it,augmented_3
data\include50\sequences\Animals\1. Dog\MVI_4147.npy,0,1. Dog,original
data\include50\augmented_train\MVI_4147_aug1.npy,0,1. Dog,augmented_1
data\include50\augmented_train\MVI_4147_aug2.npy,0,1. Dog,augmented_2
data\include50\augmented_train\MVI_4147_aug3.npy,0,1. Dog,augmented_3
data\include50\sequences\People\77. Boy\MVI_3964.npy,36,77. Boy,original
data\include50\augmented_train\MVI_3964_aug1.npy,36,77. Boy,augmented_1
data\include50\augmented_train\MVI_3964_aug2.npy,36,77. Boy,augmented_2
data\include50\augmented_train\MVI_3964_aug3.npy,36,77. Boy,augmented_3
data\include50\sequences\Adjectives\83. big large\MVI_9476.npy,41,83. big large,original
data\include50\augmented_train\MVI_9476_aug1.npy,41,83. big large,augmented_1
data\include50\augmented_train\MVI_9476_aug2.npy,41,83. big large,augmented_2
data\include50\augmented_train\MVI_9476_aug3.npy,41,83. big large,augmented_3
data\include50\sequences\Adjectives\97. dry\MVI_5326.npy,49,97. dry,original
data\include50\augmented_train\MVI_5326_aug1.npy,49,97. dry,augmented_1
data\include50\augmented_train\MVI_5326_aug2.npy,49,97. dry,augmented_2
data\include50\augmented_train\MVI_5326_aug3.npy,49,97. dry,augmented_3
data\include50\sequences\People\78. Girl\MVI_3817.npy,37,78. Girl,original
data\include50\augmented_train\MVI_3817_aug1.npy,37,78. Girl,augmented_1
data\include50\augmented_train\MVI_3817_aug2.npy,37,78. Girl,augmented_2
data\include50\augmented_train\MVI_3817_aug3.npy,37,78. Girl,augmented_3
data\include50\sequences\Days_and_Time\86. Time\MVI_9204.npy,44,86. Time,original
data\include50\augmented_train\MVI_9204_aug1.npy,44,86. Time,augmented_1
data\include50\augmented_train\MVI_9204_aug2.npy,44,86. Time,augmented_2
data\include50\augmented_train\MVI_9204_aug3.npy,44,86. Time,augmented_3
data\include50\sequences\Pronouns\46. you (plural)\MVI_0030.npy,21,46. you (plural),original
data\include50\augmented_train\MVI_0030_aug1.npy,21,46. you (plural),augmented_1
data\include50\augmented_train\MVI_0030_aug2.npy,21,46. you (plural),augmented_2
data\include50\augmented_train\MVI_0030_aug3.npy,21,46. you (plural),augmented_3
data\include50\sequences\Pronouns\46. you (plural)\MVI_9947.npy,21,46. you (plural),original
data\include50\augmented_train\MVI_9947_aug1.npy,21,46. you (plural),augmented_1
data\include50\augmented_train\MVI_9947_aug2.npy,21,46. you (plural),augmented_2
data\include50\augmented_train\MVI_9947_aug3.npy,21,46. you (plural),augmented_3
data\include50\sequences\Places\23. Court\MVI_3285.npy,8,23. Court,original
data\include50\augmented_train\MVI_3285_aug1.npy,8,23. Court,augmented_1
data\include50\augmented_train\MVI_3285_aug2.npy,8,23. Court,augmented_2
data\include50\augmented_train\MVI_3285_aug3.npy,8,23. Court,augmented_3
data\include50\sequences\Means_of_Transportation\11. Car\MVI_4176.npy,2,11. Car,original
data\include50\augmented_train\MVI_4176_aug1.npy,2,11. Car,augmented_1
data\include50\augmented_train\MVI_4176_aug2.npy,2,11. Car,augmented_2
data\include50\augmented_train\MVI_4176_aug3.npy,2,11. Car,augmented_3
data\include50\sequences\People\77. Boy\MVI_4112.npy,36,77. Boy,original
data\include50\augmented_train\MVI_4112_aug1.npy,36,77. Boy,augmented_1
data\include50\augmented_train\MVI_4112_aug2.npy,36,77. Boy,augmented_2
data\include50\augmented_train\MVI_4112_aug3.npy,36,77. Boy,augmented_3
data\include50\sequences\Seasons\64. Fall\MVI_4578.npy,33,64. Fall,original
data\include50\augmented_train\MVI_4578_aug1.npy,33,64. Fall,augmented_1
data\include50\augmented_train\MVI_4578_aug2.npy,33,64. Fall,augmented_2
data\include50\augmented_train\MVI_4578_aug3.npy,33,64. Fall,augmented_3
data\include50\sequences\Animals\4. Bird\MVI_4155.npy,15,4. Bird,original
data\include50\augmented_train\MVI_4155_aug1.npy,15,4. Bird,augmented_1
data\include50\augmented_train\MVI_4155_aug2.npy,15,4. Bird,augmented_2
data\include50\augmented_train\MVI_4155_aug3.npy,15,4. Bird,augmented_3
data\include50\sequences\Animals\4. Bird\MVI_8567.npy,15,4. Bird,original
data\include50\augmented_train\MVI_8567_aug1.npy,15,4. Bird,augmented_1
data\include50\augmented_train\MVI_8567_aug2.npy,15,4. Bird,augmented_2
data\include50\augmented_train\MVI_8567_aug3.npy,15,4. Bird,augmented_3
data\include50\sequences\Home\34. Pen\MVI_8795.npy,12,34. Pen,original
data\include50\augmented_train\MVI_8795_aug1.npy,12,34. Pen,augmented_1
data\include50\augmented_train\MVI_8795_aug2.npy,12,34. Pen,augmented_2
data\include50\augmented_train\MVI_8795_aug3.npy,12,34. Pen,augmented_3
data\include50\sequences\Places\35. Bank\MVI_3500.npy,13,35. Bank,original
data\include50\augmented_train\MVI_3500_aug1.npy,13,35. Bank,augmented_1
data\include50\augmented_train\MVI_3500_aug2.npy,13,35. Bank,augmented_2
data\include50\augmented_train\MVI_3500_aug3.npy,13,35. Bank,augmented_3
data\include50\sequences\Adjectives\91. new\MVI_5309.npy,47,91. new,original
data\include50\augmented_train\MVI_5309_aug1.npy,47,91. new,augmented_1
data\include50\augmented_train\MVI_5309_aug2.npy,47,91. new,augmented_2
data\include50\augmented_train\MVI_5309_aug3.npy,47,91. new,augmented_3
data\include50\sequences\Animals\5. Cow\MVI_8569.npy,24,5. Cow,original
data\include50\augmented_train\MVI_8569_aug1.npy,24,5. Cow,augmented_1
data\include50\augmented_train\MVI_8569_aug2.npy,24,5. Cow,augmented_2
data\include50\augmented_train\MVI_8569_aug3.npy,24,5. Cow,augmented_3
data\include50\sequences\People\66. Brother\MVI_3780.npy,34,66. Brother,original
data\include50\augmented_train\MVI_3780_aug1.npy,34,66. Brother,augmented_1
data\include50\augmented_train\MVI_3780_aug2.npy,34,66. Brother,augmented_2
data\include50\augmented_train\MVI_3780_aug3.npy,34,66. Brother,augmented_3
data\include50\sequences\People\78. Girl\MVI_5135.npy,37,78. Girl,original
data\include50\augmented_train\MVI_5135_aug1.npy,37,78. Girl,augmented_1
data\include50\augmented_train\MVI_5135_aug2.npy,37,78. Girl,augmented_2
data\include50\augmented_train\MVI_5135_aug3.npy,37,78. Girl,augmented_3
data\include50\sequences\Places\19. House\MVI_3595.npy,5,19. House,original
data\include50\augmented_train\MVI_3595_aug1.npy,5,19. House,augmented_1
data\include50\augmented_train\MVI_3595_aug2.npy,5,19. House,augmented_2
data\include50\augmented_train\MVI_3595_aug3.npy,5,19. House,augmented_3
data\include50\sequences\Clothes\42. T-Shirt\MVI_3705.npy,18,42. T-Shirt,original
data\include50\augmented_train\MVI_3705_aug1.npy,18,42. T-Shirt,augmented_1
data\include50\augmented_train\MVI_3705_aug2.npy,18,42. T-Shirt,augmented_2
data\include50\augmented_train\MVI_3705_aug3.npy,18,42. T-Shirt,augmented_3
data\include50\sequences\Colours\47. Red\MVI_3867.npy,22,47. Red,original
data\include50\augmented_train\MVI_3867_aug1.npy,22,47. Red,augmented_1
data\include50\augmented_train\MVI_3867_aug2.npy,22,47. Red,augmented_2
data\include50\augmented_train\MVI_3867_aug3.npy,22,47. Red,augmented_3
data\include50\sequences\Days_and_Time\67. Monday\MVI_5010.npy,35,67. Monday,original
data\include50\augmented_train\MVI_5010_aug1.npy,35,67. Monday,augmented_1
data\include50\augmented_train\MVI_5010_aug2.npy,35,67. Monday,augmented_2
data\include50\augmented_train\MVI_5010_aug3.npy,35,67. Monday,augmented_3
data\include50\sequences\People\66. Brother\MVI_8631.npy,34,66. Brother,original
data\include50\augmented_train\MVI_8631_aug1.npy,34,66. Brother,augmented_1
data\include50\augmented_train\MVI_8631_aug2.npy,34,66. Brother,augmented_2
data\include50\augmented_train\MVI_8631_aug3.npy,34,66. Brother,augmented_3
data\include50\sequences\People\61. Father\MVI_4940.npy,31,61. Father,original
data\include50\augmented_train\MVI_4940_aug1.npy,31,61. Father,augmented_1
data\include50\augmented_train\MVI_4940_aug2.npy,31,61. Father,augmented_2
data\include50\augmented_train\MVI_4940_aug3.npy,31,61. Father,augmented_3
data\include50\sequences\Society\14. Election\MVI_4839.npy,3,14. Election,original
data\include50\augmented_train\MVI_4839_aug1.npy,3,14. Election,augmented_1
data\include50\augmented_train\MVI_4839_aug2.npy,3,14. Election,augmented_2
data\include50\augmented_train\MVI_4839_aug3.npy,3,14. Election,augmented_3
data\include50\sequences\Places\23. Court\MVI_3365.npy,8,23. Court,original
data\include50\augmented_train\MVI_3365_aug1.npy,8,23. Court,augmented_1
data\include50\augmented_train\MVI_3365_aug2.npy,8,23. Court,augmented_2
data\include50\augmented_train\MVI_3365_aug3.npy,8,23. Court,augmented_3
data\include50\sequences\Jobs\84. Teacher\MVI_8865.npy,42,84. Teacher,original
data\include50\augmented_train\MVI_8865_aug1.npy,42,84. Teacher,augmented_1
data\include50\augmented_train\MVI_8865_aug2.npy,42,84. Teacher,augmented_2
data\include50\augmented_train\MVI_8865_aug3.npy,42,84. Teacher,augmented_3
data\include50\sequences\Adjectives\83. big large\MVI_9234.npy,41,83. big large,original
data\include50\augmented_train\MVI_9234_aug1.npy,41,83. big large,augmented_1
data\include50\augmented_train\MVI_9234_aug2.npy,41,83. big large,augmented_2
data\include50\augmented_train\MVI_9234_aug3.npy,41,83. big large,augmented_3
data\include50\sequences\People\66. Brother\MVI_4957.npy,34,66. Brother,original
data\include50\augmented_train\MVI_4957_aug1.npy,34,66. Brother,augmented_1
data\include50\augmented_train\MVI_4957_aug2.npy,34,66. Brother,augmented_2
data\include50\augmented_train\MVI_4957_aug3.npy,34,66. Brother,augmented_3
data\include50\sequences\Clothes\42. T-Shirt\MVI_3852.npy,18,42. T-Shirt,original
data\include50\augmented_train\MVI_3852_aug1.npy,18,42. T-Shirt,augmented_1
data\include50\augmented_train\MVI_3852_aug2.npy,18,42. T-Shirt,augmented_2
data\include50\augmented_train\MVI_3852_aug3.npy,18,42. T-Shirt,augmented_3
data\include50\sequences\Adjectives\91. new\MVI_9500.npy,47,91. new,original
data\include50\augmented_train\MVI_9500_aug1.npy,47,91. new,augmented_1
data\include50\augmented_train\MVI_9500_aug2.npy,47,91. new,augmented_2
data\include50\augmented_train\MVI_9500_aug3.npy,47,91. new,augmented_3
data\include50\sequences\People\61. Father\MVI_4941.npy,31,61. Father,original
data\include50\augmented_train\MVI_4941_aug1.npy,31,61. Father,augmented_1
data\include50\augmented_train\MVI_4941_aug2.npy,31,61. Father,augmented_2
data\include50\augmented_train\MVI_4941_aug3.npy,31,61. Father,augmented_3
data\include50\sequences\Clothes\37. Hat\MVI_3837.npy,14,37. Hat,original
data\include50\augmented_train\MVI_3837_aug1.npy,14,37. Hat,augmented_1
data\include50\augmented_train\MVI_3837_aug2.npy,14,37. Hat,augmented_2
data\include50\augmented_train\MVI_3837_aug3.npy,14,37. Hat,augmented_3
data\include50\sequences\Adjectives\1. loud\MVI_9370.npy,1,1. loud,original
data\include50\augmented_train\MVI_9370_aug1.npy,1,1. loud,augmented_1
data\include50\augmented_train\MVI_9370_aug2.npy,1,1. loud,augmented_2
data\include50\augmented_train\MVI_9370_aug3.npy,1,1. loud,augmented_3
data\include50\sequences\Adjectives\3. happy\MVI_9297.npy,11,3. happy,original
data\include50\augmented_train\MVI_9297_aug1.npy,11,3. happy,augmented_1
data\include50\augmented_train\MVI_9297_aug2.npy,11,3. happy,augmented_2
data\include50\augmented_train\MVI_9297_aug3.npy,11,3. happy,augmented_3
data\include50\sequences\Greetings\55. Thank you\MVI_0058.npy,29,55. Thank you,original
data\include50\augmented_train\MVI_0058_aug1.npy,29,55. Thank you,augmented_1
data\include50\augmented_train\MVI_0058_aug2.npy,29,55. Thank you,augmented_2
data\include50\augmented_train\MVI_0058_aug3.npy,29,55. Thank you,augmented_3
data\include50\sequences\Greetings\51. Good Morning\MVI_9970.npy,25,51. Good Morning,original
data\include50\augmented_train\MVI_9970_aug1.npy,25,51. Good Morning,augmented_1
data\include50\augmented_train\MVI_9970_aug2.npy,25,51. Good Morning,augmented_2
data\include50\augmented_train\MVI_9970_aug3.npy,25,51. Good Morning,augmented_3
data\include50\sequences\People\66. Brother\MVI_5097.npy,34,66. Brother,original
data\include50\augmented_train\MVI_5097_aug1.npy,34,66. Brother,augmented_1
data\include50\augmented_train\MVI_5097_aug2.npy,34,66. Brother,augmented_2
data\include50\augmented_train\MVI_5097_aug3.npy,34,66. Brother,augmented_3
data\include50\sequences\Animals\4. Bird\MVI_3038.npy,15,4. Bird,original
data\include50\augmented_train\MVI_3038_aug1.npy,15,4. Bird,augmented_1
data\include50\augmented_train\MVI_3038_aug2.npy,15,4. Bird,augmented_2
data\include50\augmented_train\MVI_3038_aug3.npy,15,4. Bird,augmented_3
data\include50\sequences\Adjectives\3. happy\MVI_5343.npy,11,3. happy,original
data\include50\augmented_train\MVI_5343_aug1.npy,11,3. happy,augmented_1
data\include50\augmented_train\MVI_5343_aug2.npy,11,3. happy,augmented_2
data\include50\augmented_train\MVI_5343_aug3.npy,11,3. happy,augmented_3
data\include50\sequences\Colours\47. Red\MVI_4897.npy,22,47. Red,original
data\include50\augmented_train\MVI_4897_aug1.npy,22,47. Red,augmented_1
data\include50\augmented_train\MVI_4897_aug2.npy,22,47. Red,augmented_2
data\include50\augmented_train\MVI_4897_aug3.npy,22,47. Red,augmented_3
data\include50\sequences\Places\23. Court\MVI_3370.npy,8,23. Court,original
data\include50\augmented_train\MVI_3370_aug1.npy,8,23. Court,augmented_1
data\include50\augmented_train\MVI_3370_aug2.npy,8,23. Court,augmented_2
data\include50\augmented_train\MVI_3370_aug3.npy,8,23. Court,augmented_3
data\include50\sequences\Places\28. Store or Shop\MVI_3554.npy,9,28. Store or Shop,original
data\include50\augmented_train\MVI_3554_aug1.npy,9,28. Store or Shop,augmented_1
data\include50\augmented_train\MVI_3554_aug2.npy,9,28. Store or Shop,augmented_2
data\include50\augmented_train\MVI_3554_aug3.npy,9,28. Store or Shop,augmented_3
data\include50\sequences\Pronouns\40. I\MVI_9920.npy,16,40. I,original
data\include50\augmented_train\MVI_9920_aug1.npy,16,40. I,augmented_1
data\include50\augmented_train\MVI_9920_aug2.npy,16,40. I,augmented_2
data\include50\augmented_train\MVI_9920_aug3.npy,16,40. I,augmented_3
data\include50\sequences\Colours\54. Black\MVI_3887.npy,27,54. Black,original
data\include50\augmented_train\MVI_3887_aug1.npy,27,54. Black,augmented_1
data\include50\augmented_train\MVI_3887_aug2.npy,27,54. Black,augmented_2
data\include50\augmented_train\MVI_3887_aug3.npy,27,54. Black,augmented_3
data\include50\sequences\Adjectives\78. long\MVI_5188.npy,39,78. long,original
data\include50\augmented_train\MVI_5188_aug1.npy,39,78. long,augmented_1
data\include50\augmented_train\MVI_5188_aug2.npy,39,78. long,augmented_2
data\include50\augmented_train\MVI_5188_aug3.npy,39,78. long,augmented_3
data\include50\sequences\Places\23. Court\MVI_3286.npy,8,23. Court,original
data\include50\augmented_train\MVI_3286_aug1.npy,8,23. Court,augmented_1
data\include50\augmented_train\MVI_3286_aug2.npy,8,23. Court,augmented_2
data\include50\augmented_train\MVI_3286_aug3.npy,8,23. Court,augmented_3
data\include50\sequences\Animals\4. Bird\MVI_2989.npy,15,4. Bird,original
data\include50\augmented_train\MVI_2989_aug1.npy,15,4. Bird,augmented_1
data\include50\augmented_train\MVI_2989_aug2.npy,15,4. Bird,augmented_2
data\include50\augmented_train\MVI_2989_aug3.npy,15,4. Bird,augmented_3
data\include50\sequences\Adjectives\97. dry\MVI_9521.npy,49,97. dry,original
data\include50\augmented_train\MVI_9521_aug1.npy,49,97. dry,augmented_1
data\include50\augmented_train\MVI_9521_aug2.npy,49,97. dry,augmented_2
data\include50\augmented_train\MVI_9521_aug3.npy,49,97. dry,augmented_3
data\include50\sequences\Greetings\51. Good Morning\MVI_9934.npy,25,51. Good Morning,original
data\include50\augmented_train\MVI_9934_aug1.npy,25,51. Good Morning,augmented_1
data\include50\augmented_train\MVI_9934_aug2.npy,25,51. Good Morning,augmented_2
data\include50\augmented_train\MVI_9934_aug3.npy,25,51. Good Morning,augmented_3
data\include50\sequences\Days_and_Time\67. Monday\MVI_5447.npy,35,67. Monday,original
data\include50\augmented_train\MVI_5447_aug1.npy,35,67. Monday,augmented_1
data\include50\augmented_train\MVI_5447_aug2.npy,35,67. Monday,augmented_2
data\include50\augmented_train\MVI_5447_aug3.npy,35,67. Monday,augmented_3
data\include50\sequences\Days_and_Time\86. Time\MVI_5077.npy,44,86. Time,original
data\include50\augmented_train\MVI_5077_aug1.npy,44,86. Time,augmented_1
data\include50\augmented_train\MVI_5077_aug2.npy,44,86. Time,augmented_2
data\include50\augmented_train\MVI_5077_aug3.npy,44,86. Time,augmented_3
data\include50\sequences\Animals\1. Dog\MVI_3002.npy,0,1. Dog,original
data\include50\augmented_train\MVI_3002_aug1.npy,0,1. Dog,augmented_1
data\include50\augmented_train\MVI_3002_aug2.npy,0,1. Dog,augmented_2
data\include50\augmented_train\MVI_3002_aug3.npy,0,1. Dog,augmented_3
data\include50\sequences\Electronics\53. Fan\MVI_9098.npy,26,53. Fan,original
data\include50\augmented_train\MVI_9098_aug1.npy,26,53. Fan,augmented_1
data\include50\augmented_train\MVI_9098_aug2.npy,26,53. Fan,augmented_2
data\include50\augmented_train\MVI_9098_aug3.npy,26,53. Fan,augmented_3
data\include50\sequences\Means_of_Transportation\11. Car\MVI_3145.npy,2,11. Car,original
data\include50\augmented_train\MVI_3145_aug1.npy,2,11. Car,augmented_1
data\include50\augmented_train\MVI_3145_aug2.npy,2,11. Car,augmented_2
data\include50\augmented_train\MVI_3145_aug3.npy,2,11. Car,augmented_3
data\include50\sequences\Pronouns\46. you (plural)\MVI_9905.npy,21,46. you (plural),original
data\include50\augmented_train\MVI_9905_aug1.npy,21,46. you (plural),augmented_1
data\include50\augmented_train\MVI_9905_aug2.npy,21,46. you (plural),augmented_2
data\include50\augmented_train\MVI_9905_aug3.npy,21,46. you (plural),augmented_3
data\include50\sequences\Animals\4. Bird\MVI_2987.npy,15,4. Bird,original
data\include50\augmented_train\MVI_2987_aug1.npy,15,4. Bird,augmented_1
data\include50\augmented_train\MVI_2987_aug2.npy,15,4. Bird,augmented_2
data\include50\augmented_train\MVI_2987_aug3.npy,15,4. Bird,augmented_3
data\include50\sequences\Home\40. Paint\MVI_4413.npy,17,40. Paint,original
data\include50\augmented_train\MVI_4413_aug1.npy,17,40. Paint,augmented_1
data\include50\augmented_train\MVI_4413_aug2.npy,17,40. Paint,augmented_2
data\include50\augmented_train\MVI_4413_aug3.npy,17,40. Paint,augmented_3
data\include50\sequences\Means_of_Transportation\11. Car\MVI_3147.npy,2,11. Car,original
data\include50\augmented_train\MVI_3147_aug1.npy,2,11. Car,augmented_1
data\include50\augmented_train\MVI_3147_aug2.npy,2,11. Car,augmented_2
data\include50\augmented_train\MVI_3147_aug3.npy,2,11. Car,augmented_3
data\include50\sequences\Clothes\37. Hat\MVI_4865.npy,14,37. Hat,original
data\include50\augmented_train\MVI_4865_aug1.npy,14,37. Hat,augmented_1
data\include50\augmented_train\MVI_4865_aug2.npy,14,37. Hat,augmented_2
data\include50\augmented_train\MVI_4865_aug3.npy,14,37. Hat,augmented_3
data\include50\sequences\Adjectives\1. loud\MVI_9450.npy,1,1. loud,original
data\include50\augmented_train\MVI_9450_aug1.npy,1,1. loud,augmented_1
data\include50\augmented_train\MVI_9450_aug2.npy,1,1. loud,augmented_2
data\include50\augmented_train\MVI_9450_aug3.npy,1,1. loud,augmented_3
data\include50\sequences\Adjectives\78. long\MVI_9460.npy,39,78. long,original
data\include50\augmented_train\MVI_9460_aug1.npy,39,78. long,augmented_1
data\include50\augmented_train\MVI_9460_aug2.npy,39,78. long,augmented_2
data\include50\augmented_train\MVI_9460_aug3.npy,39,78. long,augmented_3
data\include50\sequences\Animals\5. Cow\MVI_3097.npy,24,5. Cow,original
data\include50\augmented_train\MVI_3097_aug1.npy,24,5. Cow,augmented_1
data\include50\augmented_train\MVI_3097_aug2.npy,24,5. Cow,augmented_2
data\include50\augmented_train\MVI_3097_aug3.npy,24,5. Cow,augmented_3
data\include50\sequences\People\77. Boy\MVI_4983.npy,36,77. Boy,original
data\include50\augmented_train\MVI_4983_aug1.npy,36,77. Boy,augmented_1
data\include50\augmented_train\MVI_4983_aug2.npy,36,77. Boy,augmented_2
data\include50\augmented_train\MVI_4983_aug3.npy,36,77. Boy,augmented_3
data\include50\sequences\Adjectives\91. new\MVI_9261.npy,47,91. new,original
data\include50\augmented_train\MVI_9261_aug1.npy,47,91. new,augmented_1
data\include50\augmented_train\MVI_9261_aug2.npy,47,91. new,augmented_2
data\include50\augmented_train\MVI_9261_aug3.npy,47,91. new,augmented_3
data\include50\sequences\Adjectives\97. dry\MVI_5168.npy,49,97. dry,original
data\include50\augmented_train\MVI_5168_aug1.npy,49,97. dry,augmented_1
data\include50\augmented_train\MVI_5168_aug2.npy,49,97. dry,augmented_2
data\include50\augmented_train\MVI_5168_aug3.npy,49,97. dry,augmented_3
data\include50\sequences\Colours\47. Red\MVI_3720.npy,22,47. Red,original
data\include50\augmented_train\MVI_3720_aug1.npy,22,47. Red,augmented_1
data\include50\augmented_train\MVI_3720_aug2.npy,22,47. Red,augmented_2
data\include50\augmented_train\MVI_3720_aug3.npy,22,47. Red,augmented_3
data\include50\sequences\Animals\1. Dog\MVI_3060.npy,0,1. Dog,original
data\include50\augmented_train\MVI_3060_aug1.npy,0,1. Dog,augmented_1
data\include50\augmented_train\MVI_3060_aug2.npy,0,1. Dog,augmented_2
data\include50\augmented_train\MVI_3060_aug3.npy,0,1. Dog,augmented_3
data\include50\sequences\Electronics\54. Cell phone\MVI_4537.npy,28,54. Cell phone,original
data\include50\augmented_train\MVI_4537_aug1.npy,28,54. Cell phone,augmented_1
data\include50\augmented_train\MVI_4537_aug2.npy,28,54. Cell phone,augmented_2
data\include50\augmented_train\MVI_4537_aug3.npy,28,54. Cell phone,augmented_3
data\include50\sequences\Adjectives\2. quiet\MVI_9537.npy,7,2. quiet,original
data\include50\augmented_train\MVI_9537_aug1.npy,7,2. quiet,augmented_1
data\include50\augmented_train\MVI_9537_aug2.npy,7,2. quiet,augmented_2
data\include50\augmented_train\MVI_9537_aug3.npy,7,2. quiet,augmented_3
data\include50\sequences\Adjectives\87. hot\MVI_9249.npy,45,87. hot,original
data\include50\augmented_train\MVI_9249_aug1.npy,45,87. hot,augmented_1
data\include50\augmented_train\MVI_9249_aug2.npy,45,87. hot,augmented_2
data\include50\augmented_train\MVI_9249_aug3.npy,45,87. hot,augmented_3
data\include50\sequences\Places\28. Store or Shop\MVI_3635.npy,9,28. Store or Shop,original
data\include50\augmented_train\MVI_3635_aug1.npy,9,28. Store or Shop,augmented_1
data\include50\augmented_train\MVI_3635_aug2.npy,9,28. Store or Shop,augmented_2
data\include50\augmented_train\MVI_3635_aug3.npy,9,28. Store or Shop,augmented_3
data\include50\sequences\Home\28. Window\MVI_4883.npy,10,28. Window,original
data\include50\augmented_train\MVI_4883_aug1.npy,10,28. Window,augmented_1
data\include50\augmented_train\MVI_4883_aug2.npy,10,28. Window,augmented_2
data\include50\augmented_train\MVI_4883_aug3.npy,10,28. Window,augmented_3
data\include50\sequences\Means_of_Transportation\11. Car\MVI_3209.npy,2,11. Car,original
data\include50\augmented_train\MVI_3209_aug1.npy,2,11. Car,augmented_1
data\include50\augmented_train\MVI_3209_aug2.npy,2,11. Car,augmented_2
data\include50\augmented_train\MVI_3209_aug3.npy,2,11. Car,augmented_3
data\include50\sequences\Greetings\48. Hello\MVI_0032.npy,23,48. Hello,original
data\include50\augmented_train\MVI_0032_aug1.npy,23,48. Hello,augmented_1
data\include50\augmented_train\MVI_0032_aug2.npy,23,48. Hello,augmented_2
data\include50\augmented_train\MVI_0032_aug3.npy,23,48. Hello,augmented_3
data\include50\sequences\Jobs\84. Teacher\MVI_5310.npy,42,84. Teacher,original
data\include50\augmented_train\MVI_5310_aug1.npy,42,84. Teacher,augmented_1
data\include50\augmented_train\MVI_5310_aug2.npy,42,84. Teacher,augmented_2
data\include50\augmented_train\MVI_5310_aug3.npy,42,84. Teacher,augmented_3
data\include50\sequences\Colours\47. Red\MVI_3866.npy,22,47. Red,original
data\include50\augmented_train\MVI_3866_aug1.npy,22,47. Red,augmented_1
data\include50\augmented_train\MVI_3866_aug2.npy,22,47. Red,augmented_2
data\include50\augmented_train\MVI_3866_aug3.npy,22,47. Red,augmented_3
data\include50\sequences\Pronouns\46. you (plural)\MVI_0083.npy,21,46. you (plural),original
data\include50\augmented_train\MVI_0083_aug1.npy,21,46. you (plural),augmented_1
data\include50\augmented_train\MVI_0083_aug2.npy,21,46. you (plural),augmented_2
data\include50\augmented_train\MVI_0083_aug3.npy,21,46. you (plural),augmented_3
data\include50\sequences\People\61. Father\MVI_3909.npy,31,61. Father,original
data\include50\augmented_train\MVI_3909_aug1.npy,31,61. Father,augmented_1
data\include50\augmented_train\MVI_3909_aug2.npy,31,61. Father,augmented_2
data\include50\augmented_train\MVI_3909_aug3.npy,31,61. Father,augmented_3
data\include50\sequences\Clothes\42. T-Shirt\MVI_5169.npy,18,42. T-Shirt,original
data\include50\augmented_train\MVI_5169_aug1.npy,18,42. T-Shirt,augmented_1
data\include50\augmented_train\MVI_5169_aug2.npy,18,42. T-Shirt,augmented_2
data\include50\augmented_train\MVI_5169_aug3.npy,18,42. T-Shirt,augmented_3
